customer_id,name,gender,city,signup_date
1,Lopa Kala,Female,Chennai,2024-10-12
2,Upadhriti Madan,Female,Bangalore,2025-03-25
3,Daniel Seshadri,Female,Pune,2024-07-09
4,Nathan Gera,Female,Pune,2025-03-24
5,Wriddhish Loke,Male,Chennai,2024-05-30
6,Chasmum Dua,Female,Chennai,2025-06-13
7,Zinal Bahri,Female,Bangalore,2025-02-01
8,Nachiket Narasimhan,Female,Hyderabad,2026-01-04
9,Kevin Mukhopadhyay,Female,Bangalore,2024-10-31
10,Ronith Sunder,Female,Pune,2025-11-13
11,Rachana Dugal,Female,Bangalore,2025-11-19
12,Harish Saran,Female,Mumbai,2025-10-19
13,Xalak Bhalla,Male,Chennai,2024-06-08
14,Alka Warrior,Male,Bangalore,2026-01-04
15,Pavani Kurian,Female,Mumbai,2024-07-08
16,Priya Shetty,Female,Bangalore,2025-01-15
17,Aarnav Bail,Male,Mumbai,2025-06-17
18,Ishaan Kant,Female,Delhi,2025-09-20
19,Jason Hans,Female,Mumbai,2024-12-11
20,Isaiah Hayer,Female,Chennai,2024-06-04
21,Sai Pingle,Female,Hyderabad,2025-04-22
22,Chakrika Vyas,Female,Delhi,2025-12-22
23,Yashodhara Rao,Female,Mumbai,2026-01-11
24,Kritika Kari,Male,Hyderabad,2025-12-23
25,Dayamai Wable,Male,Mumbai,2024-06-20
26,Sai Kannan,Female,Pune,2024-08-17
27,Lakshmi Walia,Female,Pune,2024-07-29
28,Odika Tak,Female,Mumbai,2025-12-22
29,Viraj Narang,Male,Bangalore,2024-05-23
30,Wahab Shah,Male,Delhi,2024-06-17
31,Unnati Soman,Female,Pune,2024-11-06
32,Timothy Thakur,Male,Bangalore,2024-11-26
33,Vidhi Sinha,Female,Bangalore,2026-02-05
34,Simon Mital,Female,Pune,2025-10-17
35,Faris Goswami,Male,Pune,2024-07-16
36,Mohammed Minhas,Female,Pune,2024-09-11
37,Ishita Dhawan,Female,Pune,2026-02-10
38,Varenya Karpe,Female,Delhi,2024-10-06
39,Rachit Aurora,Female,Pune,2026-03-30
40,Om Natarajan,Female,Bangalore,2025-09-10
41,Radha Goyal,Female,Chennai,2025-08-29
42,Eiravati Khalsa,Female,Chennai,2025-11-21
43,Abha Mand,Male,Delhi,2025-05-13
44,Pranav Swaminathan,Female,Bangalore,2025-07-15
45,Ojas Sen,Male,Hyderabad,2025-05-31
46,Eesha Rastogi,Male,Mumbai,2025-03-10
47,Jagat Dyal,Female,Delhi,2026-02-19
48,Amruta Khanna,Female,Pune,2025-04-11
49,Ira Garde,Female,Mumbai,2025-09-18
50,Chakrika Thaman,Female,Pune,2025-01-12
51,Maya Badami,Female,Mumbai,2025-03-15
52,Tanvi Sood,Female,Delhi,2025-11-27
53,Zashil Nigam,Male,Delhi,2025-01-28
54,Avi Atwal,Female,Bangalore,2026-03-04
55,Ladli Upadhyay,Female,Chennai,2025-12-28
56,Nathaniel Wagle,Male,Chennai,2025-09-16
57,Balhaar Mann,Female,Bangalore,2024-07-04
58,Ishanvi Gulati,Male,Delhi,2025-11-15
59,Adweta Chawla,Female,Delhi,2024-08-17
60,Xiti Khosla,Female,Delhi,2024-06-28
61,Jagrati Pradhan,Female,Hyderabad,2026-02-15
62,Advik Kannan,Male,Chennai,2025-05-01
63,Odika Chawla,Female,Chennai,2024-06-27
64,Omya Pandya,Female,Hyderabad,2025-02-17
65,Upma Rajagopal,Male,Pune,2024-09-11
66,Rudra Kara,Female,Mumbai,2024-10-22
67,Jhalak Minhas,Female,Delhi,2026-04-03
68,Chakrika Garde,Female,Pune,2025-10-15
69,Unni Mangat,Male,Mumbai,2026-01-02
70,Hitesh Khosla,Male,Bangalore,2025-04-13
71,Yug Raj,Female,Chennai,2024-04-19
72,Vincent Sood,Male,Mumbai,2025-05-22
73,Hiral Dugar,Male,Hyderabad,2024-12-08
74,Neel Shah,Female,Bangalore,2025-04-15
75,Harshil Anand,Female,Bangalore,2026-01-23
76,Pranit Manne,Female,Hyderabad,2024-06-13
77,Ekapad Nath,Male,Hyderabad,2025-07-06
78,Advik Sura,Female,Chennai,2025-08-26
79,Panini Pillay,Female,Mumbai,2025-03-14
80,Forum Pathak,Male,Mumbai,2025-02-08
81,Radhika Gopal,Female,Bangalore,2025-07-17
82,Teerth Batta,Male,Chennai,2025-01-03
83,Vivaan Goda,Female,Delhi,2024-08-31
84,Avi Saha,Male,Hyderabad,2025-03-21
85,Devika Sood,Male,Bangalore,2025-01-10
86,Fariq Bakshi,Female,Hyderabad,2025-11-21
87,Kai Ravi,Female,Hyderabad,2024-08-06
88,Noah Dalal,Male,Delhi,2024-06-08
89,Ethan Sachar,Male,Hyderabad,2024-05-22
90,Unnati Patel,Male,Pune,2025-04-19
91,Chaitaly Wali,Female,Mumbai,2025-02-20
92,Ojas Mahal,Female,Pune,2025-07-15
93,Aahana Aggarwal,Female,Delhi,2024-12-23
94,Samar Chandran,Male,Delhi,2024-06-16
95,Aachal Gole,Female,Bangalore,2025-03-07
96,Yauvani Sur,Female,Chennai,2024-10-07
97,Siya Verma,Female,Bangalore,2025-01-27
98,Naksh Mukherjee,Female,Chennai,2025-06-02
99,Yasti Mann,Female,Pune,2024-06-29
100,Lajita Varkey,Female,Chennai,2024-09-18
101,Yug Bhakta,Male,Mumbai,2025-10-16
102,Qarin Babu,Female,Bangalore,2025-07-21
103,Aachal Kala,Female,Delhi,2024-05-20
104,Laban Narula,Female,Bangalore,2026-01-20
105,Aahana Zachariah,Female,Hyderabad,2024-09-19
106,Balhaar Chowdhury,Female,Bangalore,2025-10-05
107,Widisha Sani,Male,Delhi,2024-10-11
108,Bhanumati Vaidya,Female,Chennai,2024-09-10
109,Amara Chaudry,Female,Mumbai,2025-01-22
110,Ojas Sachdev,Female,Delhi,2025-12-30
111,Veda Garg,Male,Chennai,2025-02-16
112,Nidra Thaman,Female,Pune,2024-05-10
113,Ranbir Choudhry,Female,Delhi,2024-11-23
114,Vasudha Zacharia,Female,Chennai,2025-11-19
115,Chatresh Som,Female,Bangalore,2025-10-25
116,Ekani Sahota,Female,Bangalore,2024-06-14
117,Sudiksha Pandya,Female,Mumbai,2025-10-29
118,Vamakshi Shere,Female,Chennai,2025-12-17
119,Veda Krishnan,Female,Hyderabad,2024-04-28
120,Harsh Shere,Female,Pune,2025-06-10
121,Chakradev Dara,Male,Chennai,2025-06-13
122,Yatin Mistry,Male,Bangalore,2025-02-23
123,Qabil Soman,Female,Delhi,2025-09-07
124,Ishani Mittal,Female,Delhi,2025-08-02
125,Dominic Rao,Male,Bangalore,2025-11-04
126,Xavier Sibal,Female,Delhi,2024-08-12
127,Bhavna Raman,Female,Delhi,2024-08-07
128,Indira Goda,Female,Pune,2025-12-14
129,Falguni Badal,Male,Hyderabad,2025-06-20
130,Urishilla Dey,Female,Delhi,2026-02-18
131,Michael Khosla,Female,Mumbai,2024-12-30
132,Samuel Kala,Female,Chennai,2026-01-29
133,Pratyush Gokhale,Female,Hyderabad,2025-02-14
134,Logan Konda,Female,Mumbai,2025-07-19
135,Saksham De,Female,Hyderabad,2024-08-31
136,Reva Brahmbhatt,Female,Hyderabad,2024-06-25
137,Triya Jain,Female,Hyderabad,2025-10-03
138,Gaurika Swamy,Female,Bangalore,2024-06-18
139,Tejas Savant,Female,Chennai,2025-01-30
140,Krishna Raju,Female,Bangalore,2025-05-27
141,Niharika Narain,Female,Hyderabad,2026-01-02
142,Zayan Shenoy,Female,Hyderabad,2025-01-14
143,Charles Pingle,Female,Chennai,2024-08-03
144,Theodore Sankar,Female,Hyderabad,2024-11-20
145,Lavanya Bhatti,Female,Mumbai,2025-08-27
146,Tanish Taneja,Male,Bangalore,2025-07-14
147,Logan Manda,Female,Mumbai,2024-08-08
148,Brijesh Raju,Female,Delhi,2024-10-29
149,Yasti Dara,Female,Pune,2024-10-13
150,Gayathri Pandya,Female,Mumbai,2025-04-26
151,Darika Ganesan,Male,Chennai,2025-08-30
152,Bahadurjit Singh,Female,Hyderabad,2026-03-11
153,Amaira Natt,Male,Chennai,2025-12-13
154,Chandran Mand,Female,Bangalore,2024-06-28
155,Odika Nori,Female,Bangalore,2025-05-27
156,Wakeeta Kaul,Male,Chennai,2025-09-11
157,Chatura Khare,Male,Mumbai,2024-06-05
158,Andrew Srivastava,Female,Delhi,2024-11-13
159,Anusha Kota,Male,Pune,2025-07-26
160,Kevin Majumdar,Female,Pune,2025-05-19
161,Ansh Deshmukh,Female,Pune,2025-05-28
162,Manthan Mahajan,Male,Mumbai,2026-02-05
163,Kevin Patla,Male,Chennai,2025-07-08
164,Gunbir Gaba,Male,Bangalore,2026-01-08
165,Yagnesh Dugal,Female,Chennai,2025-08-25
166,Quincy Lata,Female,Bangalore,2025-11-25
167,Falak Master,Female,Hyderabad,2025-05-25
168,Panini Tiwari,Female,Mumbai,2025-03-11
169,Prisha Chakraborty,Female,Pune,2025-12-16
170,Harsh Pathak,Male,Hyderabad,2025-05-06
171,Vedika Bhandari,Female,Chennai,2025-06-16
172,Charles Dar,Female,Delhi,2026-02-26
173,Advay Saxena,Male,Chennai,2025-12-11
174,Faqid Panchal,Female,Bangalore,2026-01-22
175,Jagvi Nagy,Female,Mumbai,2025-09-22
176,Raghav Golla,Female,Delhi,2026-03-14
177,Michael Shetty,Female,Delhi,2026-02-13
178,Brinda Parsa,Female,Chennai,2026-03-25
179,Jackson Kata,Female,Pune,2024-05-30
180,Hemangini Nagi,Male,Hyderabad,2025-07-03
181,Nitesh Choudhry,Female,Mumbai,2024-12-16
182,Rishi Prakash,Female,Bangalore,2025-05-03
183,Azaan Ratta,Female,Chennai,2025-04-16
184,Bachittar Gole,Female,Chennai,2025-06-19
185,Bakhshi Golla,Male,Bangalore,2024-12-05
186,Yahvi Dyal,Female,Pune,2025-09-24
187,Oscar Mahajan,Female,Hyderabad,2025-03-12
188,Tripti Chaudhry,Male,Delhi,2024-08-26
189,Tarak Zacharia,Male,Pune,2025-03-24
190,Sanya Kapadia,Female,Bangalore,2025-01-05
191,Maanav Chaudhuri,Male,Bangalore,2025-01-28
192,Nidra Kata,Male,Chennai,2024-07-30
193,Harinakshi Chaudhry,Female,Mumbai,2024-07-19
194,Bahadurjit Samra,Male,Delhi,2024-08-14
195,Sai Bhandari,Male,Pune,2025-03-17
196,Bina Mani,Male,Mumbai,2024-07-16
197,Neelima Bose,Female,Pune,2026-04-17
198,Janaki D’Alia,Female,Chennai,2024-06-05
199,Harsh Aggarwal,Male,Bangalore,2024-08-06
200,Dev Pandit,Female,Delhi,2025-01-07
201,Lakshit Sengupta,Female,Bangalore,2026-03-30
202,Christopher Parmer,Female,Pune,2025-10-03
203,Hamsini Comar,Female,Mumbai,2026-04-12
204,Faraj Nagar,Female,Chennai,2024-06-10
205,Divya Nagarajan,Male,Mumbai,2024-09-22
206,Ekaraj Pradhan,Female,Hyderabad,2025-07-17
207,Tanay Barad,Female,Hyderabad,2026-04-01
208,Ayaan Manda,Female,Chennai,2025-08-27
209,Bakhshi Lall,Female,Mumbai,2024-04-23
210,Anusha Hari,Female,Mumbai,2025-07-07
211,Ekbal Mallick,Female,Hyderabad,2025-07-29
212,Bachittar Chakraborty,Female,Pune,2024-10-14
213,Yashasvi Bera,Male,Delhi,2026-03-22
214,Aarush Bahl,Female,Hyderabad,2025-10-17
215,Mekhala Rana,Female,Hyderabad,2024-11-07
216,Ranveer Sangha,Female,Chennai,2024-05-20
217,Pratyush Bhatt,Female,Chennai,2025-07-01
218,Parth Bora,Female,Hyderabad,2024-08-10
219,Wahab Krish,Female,Pune,2025-02-28
220,Joshua Shenoy,Female,Bangalore,2024-09-12
221,Varsha Bhakta,Female,Chennai,2025-06-09
222,Sudiksha Nagarajan,Male,Mumbai,2025-09-22
223,Ekapad Jhaveri,Female,Pune,2024-04-28
224,Oviya Balay,Male,Pune,2024-09-15
225,Laksh Yadav,Male,Hyderabad,2025-04-06
226,Oscar Soman,Female,Delhi,2025-02-03
227,Kamya Dewan,Female,Pune,2025-01-06
228,Harshil Kale,Female,Bangalore,2025-10-14
229,Max Gola,Female,Pune,2025-04-25
230,Faras Sodhi,Male,Pune,2024-12-19
231,Nitara Patel,Female,Bangalore,2024-09-19
232,Harshil Dugar,Female,Mumbai,2025-03-09
233,Mason Kar,Female,Chennai,2024-12-23
234,Dhruv Pau,Female,Bangalore,2026-04-13
235,Xavier Kumer,Female,Hyderabad,2025-11-29
236,Pooja Edwin,Female,Mumbai,2024-08-24
237,Aarav Sood,Female,Delhi,2024-06-06
238,Ekani Sheth,Female,Hyderabad,2024-11-25
239,Harinakshi Buch,Female,Pune,2025-08-13
240,Januja Ravi,Female,Chennai,2024-04-26
241,Zashil Agarwal,Female,Pune,2025-07-09
242,Raagini Raju,Female,Mumbai,2025-11-24
243,Vasatika Bhardwaj,Female,Bangalore,2024-06-26
244,Faqid Saxena,Female,Bangalore,2024-10-17
245,Vedika Taneja,Male,Bangalore,2025-06-07
246,Advay Hayer,Female,Bangalore,2025-10-06
247,Amol Koshy,Male,Hyderabad,2026-02-11
248,Jonathan Sunder,Male,Chennai,2025-11-07
249,Ridhi Rege,Female,Pune,2024-11-11
250,Dipta Raghavan,Female,Pune,2024-12-12
251,Kritika Bhatt,Female,Delhi,2025-09-14
252,Rishi Sabharwal,Female,Bangalore,2024-09-27
253,Inaya Singhal,Female,Chennai,2025-11-12
254,Jagrati Chanda,Male,Chennai,2026-01-10
255,Samarth Patla,Male,Bangalore,2024-07-20
256,Wyatt Patil,Female,Pune,2025-11-22
257,Jeremiah Korpal,Female,Chennai,2024-05-19
258,Ekalinga Agrawal,Female,Chennai,2024-06-22
259,Zarna Bhatia,Female,Delhi,2026-03-06
260,Samar Naik,Female,Hyderabad,2025-07-17
261,Yauvani De,Female,Delhi,2025-10-06
262,Balendra Nadig,Female,Pune,2024-05-03
263,Orinder Om,Male,Delhi,2026-01-11
264,Ekaraj Munshi,Male,Hyderabad,2024-05-18
265,Ekapad Kanda,Female,Bangalore,2025-03-17
266,Kashish Verma,Female,Delhi,2024-11-26
267,Gautam Rajagopal,Female,Bangalore,2025-10-25
268,Wriddhish Sant,Male,Mumbai,2025-05-21
269,Varenya Gandhi,Male,Hyderabad,2024-10-16
270,Chasmum Narasimhan,Female,Bangalore,2024-06-08
271,Gopal Din,Female,Chennai,2024-11-14
272,Zayyan Mody,Female,Bangalore,2025-03-18
273,Nitesh Trivedi,Female,Mumbai,2025-12-13
274,Reyansh Narula,Male,Chennai,2024-05-06
275,Dhruv Pillai,Female,Bangalore,2026-01-24
276,Neelima Kata,Female,Bangalore,2025-03-27
277,Ria Goyal,Female,Chennai,2025-09-03
278,Aarna Sen,Female,Mumbai,2025-01-23
279,Jeevika Jaggi,Female,Delhi,2025-12-03
280,Bhavini Modi,Female,Delhi,2024-07-11
281,Aarna Dara,Female,Hyderabad,2026-01-22
282,Chavvi Mistry,Male,Chennai,2025-12-17
283,Ati Palla,Male,Hyderabad,2024-07-21
284,Janya Sarma,Female,Chennai,2025-06-24
285,Lakshmi Sethi,Male,Mumbai,2025-03-04
286,Januja Sharma,Male,Delhi,2024-12-26
287,Jyoti Chad,Female,Pune,2025-02-03
288,Mugdha Soni,Female,Hyderabad,2025-09-24
289,Aarna Som,Male,Delhi,2024-12-14
290,Isaac Sankar,Female,Delhi,2025-08-30
291,Vedant Badami,Female,Delhi,2025-03-19
292,Farhan Bera,Female,Pune,2026-04-17
293,Gautami Dugar,Male,Pune,2025-05-19
294,Gaurav Char,Female,Delhi,2025-04-19
295,Adweta Mittal,Male,Hyderabad,2024-06-01
296,Veda Halder,Female,Delhi,2025-11-19
297,Max Mandal,Female,Pune,2024-05-25
298,Vedant Khatri,Female,Pune,2026-02-15
299,Omisha Sankar,Female,Delhi,2024-07-25
300,Maanav Mutti,Female,Mumbai,2024-06-26
301,Tarak Yogi,Female,Bangalore,2024-12-04
302,Tristan Karan,Female,Mumbai,2026-02-03
303,Victor Sarna,Male,Delhi,2024-06-25
304,Fitan Anand,Female,Delhi,2025-11-03
305,Nandini Mohan,Female,Chennai,2026-02-02
306,Rayaan Lall,Female,Pune,2025-01-13
307,Baghyawati Bhardwaj,Female,Mumbai,2024-05-07
308,Ikbal Dhawan,Female,Chennai,2025-03-12
309,Vedika Subramaniam,Male,Pune,2025-05-18
310,Simon Anand,Female,Chennai,2025-02-16
311,Ria Deol,Male,Bangalore,2025-12-07
312,Rehaan Dyal,Male,Hyderabad,2026-01-23
313,Bahadurjit Natarajan,Female,Bangalore,2024-05-19
314,Vasatika Chowdhury,Female,Chennai,2025-07-25
315,Amara Gulati,Female,Bangalore,2025-02-09
316,Gunbir Rao,Female,Mumbai,2026-02-27
317,Sai Barad,Male,Bangalore,2025-07-07
318,Samesh Dua,Female,Pune,2024-10-23
319,Tanveer Gill,Female,Bangalore,2024-07-02
320,Aayush Agate,Male,Chennai,2024-07-18
321,Neha Loke,Female,Mumbai,2025-08-07
322,Pooja Tank,Female,Delhi,2025-09-19
323,Zaitra Singhal,Female,Pune,2024-11-02
324,Pranav Chatterjee,Female,Hyderabad,2025-03-19
325,Saumya Shenoy,Female,Pune,2025-01-12
326,Chaman Jhaveri,Female,Pune,2024-09-03
327,Yamini Ravi,Male,Pune,2026-03-02
328,Robert Kuruvilla,Female,Chennai,2024-10-31
329,Abhimanyu Kaur,Male,Hyderabad,2024-12-14
330,Bimala Prakash,Male,Mumbai,2024-09-26
331,Thomas Balan,Female,Pune,2026-04-02
332,Zinal Warrior,Female,Hyderabad,2026-03-25
333,Januja Keer,Female,Chennai,2024-11-15
334,Luke Nadkarni,Male,Delhi,2025-11-17
335,Ira Lad,Female,Mumbai,2026-02-13
336,Parth Hora,Female,Delhi,2025-07-19
337,Qushi Tripathi,Female,Delhi,2024-12-14
338,Fariq Varma,Female,Hyderabad,2025-01-05
339,Vrishti Ghose,Male,Mumbai,2025-03-23
340,Indrajit Mahal,Female,Hyderabad,2026-02-15
341,Ekanta Chaudhry,Male,Delhi,2024-06-06
342,Dipta Bora,Female,Pune,2024-10-13
343,Suhani Salvi,Female,Mumbai,2024-06-06
344,Abeer Mani,Male,Chennai,2025-07-05
345,Yoshita Saran,Female,Delhi,2025-04-30
346,Chaman Patil,Female,Delhi,2025-09-11
347,Lopa Saraf,Female,Pune,2025-06-29
348,Mekhala Brahmbhatt,Female,Chennai,2025-03-17
349,Andrew Yogi,Female,Mumbai,2025-02-09
350,Pranit Deo,Female,Bangalore,2025-05-29
351,Maya Wagle,Female,Mumbai,2024-09-13
352,Devika Prabhu,Female,Hyderabad,2025-04-26
353,Lila Dani,Female,Mumbai,2025-10-23
354,Krish Narayanan,Female,Hyderabad,2024-04-18
355,Advaith Madan,Male,Chennai,2024-09-16
356,Frado Bera,Female,Delhi,2024-12-22
357,Nidra Sarin,Female,Bangalore,2026-03-10
358,Dev Kala,Female,Pune,2025-11-12
359,Upkaar Chand,Female,Delhi,2024-07-07
360,Tanish Verma,Male,Chennai,2025-11-15
361,Anjali Bail,Female,Delhi,2025-10-15
362,Sudiksha Rama,Female,Mumbai,2025-09-20
363,Frado Borra,Female,Mumbai,2025-12-23
364,Veda Lata,Female,Hyderabad,2024-08-23
365,Januja Kadakia,Female,Pune,2024-08-25
366,Viraj Modi,Female,Mumbai,2025-05-22
367,William Sehgal,Female,Mumbai,2025-06-09
368,Ayaan Goda,Female,Bangalore,2025-04-09
369,Naksh Tandon,Female,Bangalore,2025-04-15
370,Praneel Khurana,Female,Pune,2026-01-07
371,Laksh Chakraborty,Female,Pune,2024-08-17
372,Vrinda Kota,Female,Bangalore,2024-06-04
373,Fitan Atwal,Female,Mumbai,2024-10-04
374,Gaurang Shan,Female,Hyderabad,2026-03-12
375,Geetika Kota,Female,Chennai,2025-04-19
376,Girik De,Male,Mumbai,2025-11-14
377,Vedika Karpe,Female,Bangalore,2025-04-22
378,Vyanjana Pandey,Female,Pune,2024-11-26
379,Caleb Luthra,Female,Mumbai,2024-05-27
380,Ekantika Dugal,Female,Chennai,2026-04-06
381,Bimala Hayer,Female,Pune,2026-02-08
382,Bimala Oak,Male,Pune,2025-08-18
383,Luke Kant,Male,Delhi,2025-10-23
384,Vanya Ramakrishnan,Female,Chennai,2025-07-05
385,Gaurav Halder,Female,Delhi,2026-04-01
386,Isaiah Pradhan,Female,Mumbai,2026-04-15
387,Gayathri Khare,Female,Chennai,2024-04-30
388,Ekansh Sunder,Female,Delhi,2025-08-09
389,Jackson Natarajan,Female,Chennai,2024-05-24
390,Darika Ahluwalia,Female,Chennai,2025-05-17
391,Vyanjana Mahal,Female,Pune,2025-09-21
392,Gunbir Vyas,Female,Bangalore,2024-08-14
393,Warhi Mammen,Male,Mumbai,2025-01-30
394,Anjali Doctor,Female,Bangalore,2024-07-21
395,Sudiksha Atwal,Female,Delhi,2026-03-27
396,Ranveer Narang,Female,Hyderabad,2024-12-21
397,Zaitra Dubey,Female,Hyderabad,2025-08-02
398,Irya Srivastava,Female,Delhi,2024-06-08
399,Chanchal Basak,Female,Hyderabad,2025-07-15
400,Krishna Keer,Male,Mumbai,2024-11-19
401,Zaitra Gara,Female,Chennai,2024-07-10
402,Meghana Chander,Female,Pune,2024-09-18
403,Nitara Sibal,Female,Bangalore,2026-01-30
404,Zashil Devan,Female,Mumbai,2025-05-25
405,Adweta Dalal,Female,Bangalore,2026-04-10
406,Max Kanda,Female,Hyderabad,2026-01-11
407,Sathvik De,Female,Chennai,2025-01-25
408,Fariq Borah,Female,Pune,2025-03-17
409,Sara Datta,Female,Mumbai,2026-03-03
410,Vincent Prabhakar,Female,Mumbai,2025-10-24
411,Qasim Nagarajan,Female,Pune,2025-08-26
412,Veer Keer,Male,Chennai,2025-01-02
413,Samaksh Kibe,Female,Mumbai,2025-03-08
414,Siddharth Chand,Male,Pune,2024-09-20
415,Aadi Nayar,Female,Bangalore,2024-09-16
416,Anmol Saini,Female,Hyderabad,2024-06-16
417,Andrew Bhakta,Female,Bangalore,2025-08-09
418,Pahal Kaur,Male,Bangalore,2025-12-03
419,Darsh Savant,Female,Bangalore,2024-08-26
420,Manbir Bajwa,Male,Hyderabad,2024-05-08
421,Harish Pradhan,Female,Hyderabad,2024-11-29
422,Hemal Jani,Male,Delhi,2024-07-22
423,Yutika Ravi,Female,Pune,2024-11-03
424,Daksha Seth,Female,Delhi,2025-10-16
425,Jack Madan,Male,Hyderabad,2024-10-03
426,Harshil Nanda,Female,Delhi,2024-09-26
427,Udant Bath,Female,Chennai,2025-05-06
428,Abhiram Madan,Male,Pune,2025-02-05
429,Rayaan Varghese,Female,Mumbai,2024-08-12
430,Owen Sura,Female,Bangalore,2026-01-17
431,Agastya Mohanty,Male,Hyderabad,2025-04-06
432,Zaitra Bhatt,Female,Chennai,2024-12-08
433,Qushi Raj,Male,Pune,2025-07-22
434,Utkarsh Sathe,Male,Hyderabad,2024-09-14
435,Anmol Karan,Female,Bangalore,2024-09-14
436,Inaya Patla,Female,Pune,2024-04-22
437,Aarini Basu,Female,Mumbai,2024-10-19
438,Pranit Desai,Female,Hyderabad,2026-02-18
439,Yagnesh D’Alia,Female,Delhi,2025-12-24
440,Advik Srinivas,Male,Delhi,2026-03-12
441,Anya Rama,Female,Mumbai,2024-08-18
442,Triveni Bora,Female,Chennai,2025-11-23
443,Chakradev Nadkarni,Male,Mumbai,2026-02-14
444,Chakradev Tailor,Female,Delhi,2024-09-05
445,Chandran Devan,Female,Delhi,2024-05-16
446,Nirja Khurana,Male,Hyderabad,2024-06-30
447,Gagan Kurian,Female,Chennai,2025-09-06
448,Megha Trivedi,Female,Mumbai,2024-07-02
449,Aishani Sahota,Female,Delhi,2025-09-20
450,Lucky Tandon,Male,Chennai,2025-11-08
451,Devansh Dhingra,Female,Hyderabad,2026-03-19
452,Xalak Chadha,Female,Chennai,2025-08-03
453,Ati Das,Female,Mumbai,2024-10-15
454,Anvi Wali,Female,Delhi,2025-10-01
455,Meera Bakshi,Female,Chennai,2024-11-06
456,Unnati Minhas,Female,Hyderabad,2025-07-20
457,Guneet Srivastava,Female,Mumbai,2025-08-16
458,Raghav Malhotra,Female,Pune,2025-12-10
459,Kamala Padmanabhan,Female,Chennai,2025-08-12
460,Oni Grewal,Male,Hyderabad,2025-12-16
461,Sanaya Chandran,Male,Pune,2024-09-30
462,Jai Nayak,Female,Hyderabad,2024-05-29
463,Nicholas Dada,Female,Delhi,2024-12-25
464,Urmi Tiwari,Female,Chennai,2025-03-06
465,Udarsh Srivastava,Female,Chennai,2025-03-04
466,Hardik Choudhary,Female,Bangalore,2025-06-22
467,Orinder Nair,Female,Pune,2026-04-05
468,Ikshita Raval,Female,Pune,2025-10-25
469,Lavanya Bala,Female,Delhi,2024-12-20
470,Luke Sastry,Male,Bangalore,2025-11-26
471,Abhiram Ramanathan,Female,Bangalore,2024-07-08
472,Lohit Savant,Female,Hyderabad,2025-03-17
473,Eesha Sachdeva,Female,Bangalore,2025-05-19
474,Udarsh Mahal,Male,Mumbai,2025-08-22
475,Om Choudhary,Male,Delhi,2025-12-03
476,Tanay Buch,Female,Hyderabad,2025-06-10
477,Qushi Oak,Female,Chennai,2025-08-28
478,Victor Gade,Female,Mumbai,2026-02-17
479,Januja Korpal,Male,Hyderabad,2025-10-10
480,Shravya Sagar,Male,Delhi,2026-03-21
481,Faraj Borah,Male,Delhi,2024-05-18
482,Xiti Chaudhry,Female,Mumbai,2025-05-02
483,Simon Gaba,Female,Hyderabad,2024-09-06
484,Rudra Mann,Female,Mumbai,2025-03-17
485,Yashvi Shanker,Male,Pune,2025-06-17
486,Lipika Mani,Female,Delhi,2024-09-27
487,Pahal Dugar,Female,Delhi,2025-04-28
488,Bahadurjit Mall,Female,Pune,2024-10-16
489,Ijaya Shroff,Female,Delhi,2024-07-13
490,Vrishti Sekhon,Female,Pune,2026-01-24
491,Baghyawati Dhar,Male,Pune,2024-10-01
492,Nirja Swaminathan,Male,Delhi,2025-09-23
493,Oliver Bhardwaj,Male,Bangalore,2026-01-10
494,Ijaya Narayanan,Female,Hyderabad,2025-07-01
495,Isaiah Bhargava,Female,Chennai,2025-03-12
496,Kritika Mann,Male,Delhi,2024-11-06
497,Henry Ravi,Female,Delhi,2024-10-15
498,Ekavir Agrawal,Female,Bangalore,2025-11-14
499,Vihaan Ramakrishnan,Female,Pune,2025-12-12
500,Yatin Kale,Male,Chennai,2025-05-20
501,Zaid Balakrishnan,Female,Mumbai,2025-10-29
502,Eta Prashad,Female,Pune,2025-06-05
503,Eesha Gupta,Female,Chennai,2025-05-01
504,Simon Shroff,Male,Pune,2024-05-27
505,Yashoda Issac,Male,Delhi,2025-04-07
506,Omya Suri,Male,Pune,2025-11-23
507,Arunima Kant,Female,Delhi,2025-07-31
508,Omaja Balay,Male,Chennai,2024-10-15
509,Adya Arora,Female,Bangalore,2025-04-28
510,Urishilla Bahl,Female,Mumbai,2026-04-02
511,Watika Kar,Male,Pune,2024-05-27
512,Aachal Behl,Female,Chennai,2025-11-15
513,Zehaan Pathak,Male,Pune,2025-03-25
514,Balhaar Krishna,Male,Delhi,2025-10-19
515,Gaurangi Shah,Female,Mumbai,2024-10-20
516,Aarini Devi,Male,Chennai,2025-03-01
517,Upadhriti Jhaveri,Female,Chennai,2026-01-20
518,Ishwar Balakrishnan,Female,Mumbai,2024-08-16
519,Bhavini Deol,Female,Bangalore,2024-09-14
520,Ekbal Kari,Female,Hyderabad,2025-10-07
521,Vrishti Tak,Female,Bangalore,2024-09-28
522,Pooja Narayanan,Female,Chennai,2025-05-13
523,Keya Tailor,Female,Delhi,2025-03-04
524,Vrinda Ramanathan,Female,Bangalore,2026-01-17
525,Pallavi Chaudhary,Female,Hyderabad,2025-04-28
526,Deepa Patel,Female,Delhi,2025-07-30
527,Pranit Sawhney,Female,Delhi,2026-01-26
528,Ridhi Amble,Female,Chennai,2025-10-20
529,Wahab Walla,Male,Delhi,2025-04-14
530,Laksh Mallick,Male,Pune,2024-09-24
531,Niharika Buch,Female,Chennai,2025-08-23
532,Nirja Bhat,Female,Mumbai,2025-01-14
533,Gautami Chauhan,Male,Mumbai,2025-04-05
534,Chanakya Deo,Female,Delhi,2025-04-16
535,Dhruv Bahri,Female,Delhi,2025-11-18
536,Saanvi Anand,Male,Bangalore,2025-07-21
537,Jyoti Singh,Male,Delhi,2025-08-13
538,Arin Shah,Female,Delhi,2024-07-14
539,Damyanti Sachar,Female,Hyderabad,2025-08-12
540,Ekalinga Din,Female,Pune,2026-02-12
541,Daniel Bedi,Female,Pune,2024-08-19
542,Bhavna Dalal,Female,Chennai,2025-06-07
543,Teerth Mani,Female,Pune,2024-07-14
544,Daniel Pau,Male,Chennai,2025-07-11
545,Zarna Dubey,Male,Pune,2026-02-19
546,Amaira Chaudry,Female,Mumbai,2026-03-17
547,Kai Modi,Male,Bangalore,2026-02-09
548,Zansi Sani,Female,Mumbai,2025-05-29
549,Tristan Bhatti,Female,Bangalore,2025-03-26
550,Rehaan Seth,Female,Pune,2026-04-17
551,Chaman Lata,Male,Pune,2025-09-29
552,Chaitanya Venkatesh,Female,Bangalore,2026-01-16
553,Parth Buch,Female,Pune,2025-09-14
554,Samaksh Hayer,Female,Mumbai,2025-06-13
555,Eiravati Kunda,Male,Chennai,2025-01-28
556,Nicholas Prabhu,Female,Pune,2026-01-07
557,Abhimanyu Deo,Female,Mumbai,2025-04-11
558,Bakhshi Som,Female,Delhi,2025-04-17
559,Charles Mane,Female,Bangalore,2024-09-24
560,Aryan Shetty,Male,Mumbai,2026-03-16
561,Bhavani Kalla,Female,Mumbai,2025-12-20
562,Chanakya Chawla,Male,Mumbai,2025-06-13
563,Damyanti Tata,Male,Delhi,2025-11-10
564,Madhav Wable,Male,Mumbai,2025-09-15
565,Amol Banik,Female,Mumbai,2025-09-21
566,Benjamin Sandhu,Male,Delhi,2026-01-21
567,Finn Singh,Male,Bangalore,2025-08-18
568,Aashi Mistry,Male,Bangalore,2024-04-17
569,Suhani Chana,Male,Pune,2025-06-14
570,Bakhshi Nazareth,Female,Delhi,2025-06-27
571,Tanish Krishna,Male,Hyderabad,2026-02-18
572,Vritti Parekh,Female,Delhi,2024-06-11
573,Dhriti Dalal,Female,Hyderabad,2025-10-31
574,Pratyush Pant,Female,Mumbai,2026-04-07
575,Urvi Contractor,Female,Pune,2025-11-12
576,Abeer Sur,Female,Delhi,2025-07-19
577,Bhanumati Sharma,Male,Mumbai,2025-05-20
578,Mahika Kari,Female,Bangalore,2025-05-10
579,Yutika Upadhyay,Female,Hyderabad,2025-11-12
580,Nitara Som,Male,Hyderabad,2024-11-29
581,Advaith Bhatt,Female,Hyderabad,2025-10-02
582,Qasim Saini,Female,Chennai,2024-10-24
583,Shravya Oommen,Female,Delhi,2025-08-06
584,Aarna Dugal,Male,Mumbai,2025-11-07
585,Neha Chopra,Female,Chennai,2025-12-28
586,Leela Sant,Female,Chennai,2026-04-14
587,Janani Nath,Female,Delhi,2025-04-15
588,Charita Mani,Female,Bangalore,2025-11-07
589,Priya Parekh,Male,Bangalore,2024-04-19
590,Nilima Luthra,Female,Mumbai,2024-05-22
591,Gaurang Chahal,Female,Pune,2025-11-06
592,Yamini Narang,Female,Hyderabad,2024-08-22
593,Divya Venkataraman,Female,Pune,2025-07-04
594,Chaaya Sachdev,Female,Delhi,2024-08-07
595,Nikita Suresh,Female,Delhi,2024-07-28
596,Omya Kaul,Female,Mumbai,2026-04-11
597,Xavier Iyengar,Female,Mumbai,2024-11-07
598,Tanay Narula,Female,Delhi,2024-04-29
599,Ishaan Prabhakar,Male,Mumbai,2024-05-24
600,Faqid Badal,Female,Pune,2024-10-08
601,Urvi Bhattacharyya,Female,Pune,2025-09-19
602,Ansh Menon,Female,Delhi,2024-11-29
603,Sanya Natt,Female,Chennai,2024-07-31
604,Anita Anne,Male,Delhi,2025-02-27
605,Gaurang Tak,Female,Bangalore,2025-01-22
606,Triya Pau,Female,Hyderabad,2025-02-09
607,Mahika Wagle,Male,Chennai,2026-01-01
608,Ayush Choudhary,Male,Bangalore,2025-02-27
609,Advika Arya,Male,Hyderabad,2024-10-15
610,Arjun Sharaf,Female,Hyderabad,2025-04-27
611,Maanav Comar,Female,Bangalore,2024-11-28
612,Tamanna Sengupta,Male,Bangalore,2025-05-07
613,Yahvi Varkey,Female,Bangalore,2024-06-03
614,Nidra Malhotra,Male,Hyderabad,2024-06-22
615,Ridhi Mann,Female,Bangalore,2025-09-23
616,Yashasvi Saini,Male,Hyderabad,2025-04-26
617,Vritti De,Female,Bangalore,2024-07-09
618,Falak Ahuja,Female,Chennai,2024-08-06
619,Darpan Gola,Female,Mumbai,2025-08-27
620,Vasana Banik,Male,Bangalore,2024-09-18
621,Unni Vohra,Female,Chennai,2025-07-20
622,Oliver Dhingra,Female,Chennai,2025-06-26
623,Finn Nanda,Female,Delhi,2026-03-26
624,Fiyaz Ganguly,Female,Pune,2024-11-15
625,Abhiram Manda,Female,Delhi,2025-05-27
626,Fariq Sarin,Male,Hyderabad,2025-11-23
627,Kalpit Shere,Female,Delhi,2025-01-22
628,Vaishnavi Jha,Female,Hyderabad,2025-12-22
629,Vincent Contractor,Female,Pune,2025-11-17
630,Arin Varma,Female,Delhi,2025-03-27
631,Mohini Gill,Female,Chennai,2025-08-21
632,Zinal Ratti,Female,Delhi,2026-01-14
633,Ryan Banerjee,Male,Delhi,2025-04-12
634,Jasmit Nagi,Female,Delhi,2025-11-10
635,Advik Salvi,Female,Delhi,2024-07-21
636,Oeshi Kant,Female,Chennai,2025-02-01
637,Vrinda Kalla,Female,Bangalore,2024-06-24
638,Maanas Kapur,Female,Mumbai,2025-03-12
639,Megha Som,Female,Hyderabad,2024-11-05
640,Benjamin Badami,Female,Mumbai,2025-01-09
641,Raagini Kumar,Female,Hyderabad,2025-02-03
642,Tanveer Sodhi,Female,Delhi,2024-05-19
643,Lekha Suresh,Female,Delhi,2025-03-01
644,Anika Mani,Female,Pune,2024-06-24
645,Pallavi Bakshi,Female,Pune,2024-12-02
646,Amol Banerjee,Female,Hyderabad,2024-12-10
647,Chakradev Bera,Female,Bangalore,2024-09-08
648,Tristan Grewal,Female,Bangalore,2024-09-12
649,Nidhi Panchal,Female,Delhi,2024-09-23
650,Indira Kulkarni,Female,Pune,2025-10-29
651,Gaurav Kale,Female,Delhi,2024-09-17
652,Vasudha Sharma,Female,Mumbai,2024-12-04
653,Jatin Deep,Female,Bangalore,2025-10-14
654,Tripti Madan,Female,Delhi,2025-12-12
655,Warinder Dayal,Female,Chennai,2024-11-05
656,Faras Kapadia,Female,Chennai,2025-08-19
657,Siddharth Mandal,Female,Mumbai,2024-12-04
658,Shravya Atwal,Male,Hyderabad,2024-05-18
659,Mason Badal,Female,Hyderabad,2025-11-26
660,Garima Loke,Female,Pune,2025-11-29
661,Bhavna Dhawan,Female,Mumbai,2025-02-28
662,Rushil Rajagopalan,Male,Delhi,2024-09-12
663,Ridhi Gaba,Male,Pune,2024-10-31
664,Varenya Vaidya,Female,Mumbai,2025-09-19
665,Chaitaly Deo,Female,Mumbai,2024-07-02
666,Faras Murty,Female,Hyderabad,2025-01-20
667,Advay Mallick,Female,Pune,2024-08-26
668,Eesha Lala,Female,Chennai,2026-02-06
669,Idika Saraf,Female,Hyderabad,2026-04-05
670,Harita Kara,Female,Mumbai,2025-01-14
671,Unnati Narain,Female,Delhi,2025-12-15
672,Nimrat Mitra,Male,Hyderabad,2026-03-02
673,Unnati Brahmbhatt,Female,Pune,2024-06-13
674,Praneel Bandi,Female,Hyderabad,2025-11-27
675,Gopal Kara,Male,Pune,2025-11-29
676,Urishilla Ramakrishnan,Female,Bangalore,2026-02-16
677,Abeer Kala,Female,Mumbai,2025-06-19
678,Niharika Dugal,Male,Mumbai,2025-01-07
679,Eta Mani,Female,Bangalore,2024-05-26
680,Triya Hari,Female,Delhi,2025-01-23
681,Kala Deshmukh,Female,Pune,2024-12-09
682,Lekha Nadig,Female,Chennai,2024-05-24
683,Shravya Raj,Female,Hyderabad,2025-03-15
684,Chaitanya Choudhary,Female,Delhi,2024-06-08
685,Adya Bhalla,Female,Bangalore,2025-12-01
686,Avi Murty,Female,Pune,2024-12-28
687,Shivani Bobal,Female,Hyderabad,2024-11-26
688,Chatresh Karan,Female,Chennai,2024-10-13
689,Abeer Morar,Female,Hyderabad,2025-01-29
690,Janani Baral,Female,Chennai,2024-04-27
691,Quincy Sarin,Female,Pune,2025-02-02
692,Waida Shan,Female,Hyderabad,2024-04-18
693,Anamika Bala,Female,Mumbai,2025-02-09
694,Yash Goswami,Female,Hyderabad,2025-11-13
695,Waida Gole,Female,Delhi,2026-02-06
696,Madhavi Bal,Female,Pune,2024-11-13
697,Bhavna Mohanty,Female,Delhi,2026-01-19
698,Jhalak Chada,Female,Mumbai,2025-01-18
699,Viraj Hegde,Female,Delhi,2025-11-20
700,Parth Ramanathan,Male,Chennai,2025-07-15
701,Mason Chawla,Female,Mumbai,2024-06-22
702,Zilmil Gill,Male,Bangalore,2024-07-20
703,Dalaja Pall,Male,Mumbai,2024-08-09
704,Andrew Goswami,Female,Chennai,2025-03-24
705,Lipika Parikh,Female,Delhi,2024-09-30
706,Wazir Nigam,Female,Delhi,2025-06-02
707,Adweta Sule,Female,Bangalore,2024-11-19
708,Chaman Chadha,Female,Pune,2024-11-03
709,Neelima De,Male,Chennai,2025-02-15
710,Tara Ravel,Female,Pune,2025-03-09
711,Adya Kothari,Female,Chennai,2025-10-31
712,Triya Kamdar,Female,Chennai,2026-01-30
713,Shravya Panchal,Male,Hyderabad,2025-03-13
714,Aarini Dhaliwal,Female,Delhi,2025-08-17
715,Chakradev Gill,Female,Delhi,2025-11-21
716,Ekaraj Kurian,Female,Delhi,2025-08-02
717,Netra Kumer,Female,Mumbai,2025-01-22
718,Tara Dhar,Female,Hyderabad,2025-07-13
719,Udyati Srinivasan,Female,Pune,2025-10-29
720,Garima Tiwari,Male,Chennai,2024-05-15
721,Varsha Mukhopadhyay,Female,Chennai,2025-07-19
722,Hiral Merchant,Female,Hyderabad,2025-01-24
723,Azaan Gopal,Female,Chennai,2025-06-04
724,Samesh Sarkar,Female,Mumbai,2026-04-17
725,Reyansh Raghavan,Female,Bangalore,2025-09-10
726,Oscar Cherian,Female,Bangalore,2024-06-02
727,Thomas Randhawa,Female,Pune,2024-07-04
728,Upkaar Mahajan,Female,Hyderabad,2025-05-10
729,Ayush Merchant,Female,Mumbai,2024-07-15
730,Kritika Jaggi,Female,Pune,2026-03-30
731,Ridhi Dutta,Male,Bangalore,2025-09-24
732,Chanchal Prabhakar,Female,Mumbai,2024-08-06
733,Frado Sridhar,Female,Hyderabad,2025-12-09
734,Laban Luthra,Female,Pune,2025-08-05
735,Baljiwan Parmer,Female,Pune,2025-12-06
736,Samar Nath,Female,Hyderabad,2025-02-09
737,Jalsa Parmer,Male,Delhi,2024-10-15
738,Wishi Iyer,Female,Hyderabad,2024-12-16
739,Bhavika Devan,Female,Hyderabad,2025-10-23
740,Yamini Lad,Female,Pune,2025-06-19
741,Osha Saraf,Female,Delhi,2026-02-08
742,Manbir Lad,Female,Delhi,2025-05-18
743,Abhiram Tak,Female,Mumbai,2024-10-08
744,Yashasvi Sankar,Female,Mumbai,2024-05-03
745,Bhavani Nath,Female,Mumbai,2025-02-28
746,Kevin Swamy,Female,Chennai,2025-03-08
747,Jackson Maharaj,Female,Mumbai,2026-03-28
748,Jatin Jain,Female,Chennai,2024-12-31
749,Advika Chaudhry,Female,Hyderabad,2025-07-03
750,Nathan Dey,Female,Hyderabad,2025-08-03
751,Isaiah Ghose,Female,Pune,2024-09-08
752,Pushti Agate,Male,Delhi,2025-05-16
753,Rajeshri Golla,Male,Hyderabad,2025-10-28
754,Panini Hora,Female,Mumbai,2024-07-16
755,Noah Magar,Female,Hyderabad,2024-05-27
756,Shravya Panchal,Female,Chennai,2025-11-22
757,Anika Lalla,Female,Mumbai,2026-04-07
758,Pranav Sani,Male,Chennai,2025-05-05
759,Amaira Saxena,Female,Bangalore,2025-04-04
760,Neelima Vala,Female,Pune,2025-06-09
761,Rishi Banerjee,Female,Delhi,2025-12-22
762,Yagnesh Agate,Female,Hyderabad,2024-07-29
763,Lopa Nagi,Female,Mumbai,2026-01-23
764,Baljiwan Maharaj,Male,Delhi,2024-08-24
765,Charan Vala,Female,Mumbai,2024-10-24
766,Anmol Sane,Female,Chennai,2024-07-17
767,Jairaj Mohan,Male,Pune,2026-04-08
768,Nikita Varghese,Female,Mumbai,2024-11-26
769,Vritti Devi,Female,Pune,2026-02-26
770,Hemal Khalsa,Female,Mumbai,2024-08-26
771,Zaitra Khalsa,Female,Pune,2024-04-19
772,Kala Setty,Male,Hyderabad,2025-09-15
773,Bishakha Bumb,Male,Mumbai,2025-04-25
774,Aradhana Mall,Female,Pune,2025-01-18
775,Leena Mahal,Female,Mumbai,2026-02-12
776,Jack Bhat,Female,Pune,2024-06-30
777,Yatin Vasa,Female,Delhi,2025-02-17
778,Sathvik Dada,Female,Pune,2025-05-27
779,Raagini Bali,Male,Mumbai,2026-04-02
780,Agastya Khosla,Female,Pune,2024-06-02
781,Vritti Devi,Male,Bangalore,2025-06-09
782,Luke Chada,Female,Pune,2024-11-10
783,Bishakha Mistry,Male,Hyderabad,2025-07-30
784,Dev Vyas,Female,Pune,2026-01-09
785,Vyanjana Zachariah,Female,Mumbai,2026-01-16
786,Xalak Contractor,Female,Mumbai,2024-11-28
787,Qabil Sridhar,Female,Bangalore,2024-07-17
788,Kevin Dube,Female,Delhi,2025-07-22
789,Sudiksha Zachariah,Female,Bangalore,2026-01-24
790,Henry Rajan,Female,Mumbai,2024-07-02
791,Aashi Nigam,Male,Chennai,2026-02-22
792,Nidhi Mitra,Female,Hyderabad,2025-05-13
793,Jagrati Bahri,Male,Hyderabad,2025-01-08
794,Harshil Chatterjee,Female,Mumbai,2026-01-04
795,Nandini Barman,Male,Hyderabad,2024-12-27
796,Hamsini Kuruvilla,Female,Delhi,2024-12-16
797,Aadi Verma,Female,Bangalore,2026-03-29
798,Daniel Korpal,Male,Hyderabad,2025-01-08
799,Leena Kurian,Male,Bangalore,2025-05-19
800,Vyanjana Chad,Female,Chennai,2024-11-01
801,Akshay Mallick,Female,Pune,2026-03-13
802,Janani Gera,Female,Delhi,2025-09-09
803,Baljiwan Subramanian,Female,Pune,2024-07-13
804,Mekhala Ram,Male,Bangalore,2025-04-22
805,Ganga Banerjee,Female,Mumbai,2025-10-10
806,Vedika Lala,Male,Delhi,2026-02-27
807,Pranit Aggarwal,Male,Bangalore,2025-11-20
808,Anmol Shukla,Female,Hyderabad,2024-07-18
809,Vinaya Pingle,Male,Delhi,2024-06-23
810,Triya Shukla,Male,Delhi,2025-08-06
811,Niharika Sheth,Female,Delhi,2024-05-17
812,Abha Murty,Male,Bangalore,2026-02-17
813,Amol Tak,Male,Bangalore,2024-10-03
814,Hitesh Kapadia,Male,Chennai,2024-10-16
815,Adweta Oza,Female,Mumbai,2025-09-15
816,Kritika Chandran,Female,Chennai,2026-03-12
817,Ira Wable,Female,Hyderabad,2026-01-26
818,Indrajit Chadha,Male,Mumbai,2025-11-02
819,Indira Shroff,Female,Bangalore,2025-06-05
820,Sanaya Date,Female,Hyderabad,2024-06-12
821,Frederick Bhatia,Female,Delhi,2025-11-07
822,Parth Manne,Female,Bangalore,2025-01-05
823,Osha Mittal,Male,Mumbai,2025-01-24
824,Pranav Sundaram,Male,Delhi,2025-04-12
825,Yadavi Joshi,Female,Hyderabad,2024-12-02
826,Madhav Nazareth,Female,Delhi,2024-08-06
827,Brinda Bawa,Male,Mumbai,2025-10-18
828,Parth Dash,Female,Mumbai,2026-02-21
829,Veer Sankaran,Male,Pune,2024-07-25
830,Chavvi Luthra,Female,Bangalore,2025-06-03
831,Pooja Chaudhry,Female,Mumbai,2024-05-02
832,Varenya Sarna,Male,Delhi,2024-10-26
833,Vedant Shan,Female,Bangalore,2025-10-11
834,Gauri Iyengar,Male,Delhi,2025-02-23
835,Isha Lalla,Female,Chennai,2025-02-09
836,Baghyawati Narayan,Male,Chennai,2025-05-03
837,Ria Chandra,Female,Bangalore,2024-05-17
838,Samuel Karan,Female,Pune,2025-04-29
839,Jalsa Das,Female,Delhi,2025-05-20
840,Vihaan Nanda,Female,Mumbai,2025-10-26
841,Viraj Ben,Female,Chennai,2024-08-26
842,Edhitha Agate,Female,Delhi,2026-04-03
843,Anusha Dhillon,Female,Hyderabad,2025-06-11
844,Timothy Virk,Female,Chennai,2024-08-12
845,Mitali Tank,Male,Delhi,2025-12-26
846,Avni Chaudhuri,Female,Chennai,2025-11-14
847,Sanaya Dara,Female,Hyderabad,2025-06-04
848,Jasmit Dara,Female,Bangalore,2025-07-27
849,Upasna More,Female,Chennai,2024-04-23
850,Lucky Deshpande,Female,Bangalore,2024-10-27
851,Netra Krishnamurthy,Female,Bangalore,2025-02-24
852,Xavier Saran,Female,Chennai,2025-11-05
853,Sudiksha Krishnamurthy,Female,Mumbai,2026-02-13
854,Samuel Upadhyay,Female,Hyderabad,2024-08-27
855,Dakshesh Thakur,Female,Hyderabad,2025-01-09
856,Nirja Lad,Female,Delhi,2024-05-23
857,Vedhika Venkataraman,Male,Chennai,2024-05-20
858,Bakhshi Mallick,Female,Mumbai,2024-05-19
859,Aahana Shukla,Female,Chennai,2024-08-05
860,Onveer Bail,Female,Chennai,2025-11-02
861,Utkarsh Sharma,Female,Pune,2025-03-29
862,Xalak Bassi,Female,Chennai,2025-08-11
863,Krishna Bail,Male,Pune,2024-04-29
864,Balhaar Sagar,Male,Bangalore,2024-12-24
865,Jeremiah Rastogi,Female,Hyderabad,2025-08-09
866,Tamanna Batta,Female,Pune,2025-06-24
867,Jai Dhaliwal,Female,Pune,2024-05-16
868,Vasatika Morar,Female,Pune,2025-07-01
869,Yahvi Bhasin,Female,Bangalore,2024-09-23
870,Adya Mandal,Male,Chennai,2026-03-16
871,Wahab Swamy,Female,Delhi,2024-08-26
872,Zansi Sahni,Female,Bangalore,2026-04-05
873,Arya Viswanathan,Female,Bangalore,2025-11-12
874,Zinal Pradhan,Male,Mumbai,2024-05-12
875,Advika Khalsa,Male,Hyderabad,2025-08-28
876,Aarnav Parmar,Female,Hyderabad,2024-04-30
877,Dayamai Khatri,Female,Chennai,2025-08-21
878,Leena Oommen,Male,Bangalore,2025-08-05
879,Aahana Madan,Female,Chennai,2025-06-18
880,Reyansh Arya,Male,Mumbai,2024-05-03
881,Ekbal Patla,Female,Mumbai,2025-01-21
882,Imaran Bhakta,Female,Delhi,2025-02-13
883,Pushti Varty,Female,Delhi,2025-06-13
884,Wriddhish Bose,Female,Bangalore,2025-03-11
885,Januja Solanki,Female,Delhi,2024-11-22
886,Indira Sachar,Female,Hyderabad,2025-05-18
887,Pooja Sachar,Female,Chennai,2025-12-17
888,Libni Mannan,Female,Chennai,2026-03-04
889,Teerth Oak,Female,Bangalore,2024-11-17
890,Gopal Lall,Female,Mumbai,2025-01-21
891,Hiral Dutta,Female,Mumbai,2024-10-07
892,Veda Bera,Female,Mumbai,2024-04-21
893,Wakeeta Varughese,Female,Pune,2025-02-03
894,Varenya Kata,Female,Pune,2025-10-25
895,Brinda Chhabra,Female,Delhi,2024-08-24
896,Harsh Rajagopalan,Female,Mumbai,2025-01-16
897,Warhi Nanda,Female,Delhi,2024-10-07
898,Lila Kant,Female,Chennai,2024-12-26
899,Ikbal Dutt,Female,Pune,2025-08-03
900,Yashica Thaker,Female,Hyderabad,2026-03-23
901,Owen Garg,Male,Pune,2025-03-20
902,Upasna Kalita,Female,Chennai,2024-12-03
903,Raksha Sibal,Female,Hyderabad,2025-11-28
904,Bakhshi Divan,Female,Delhi,2024-08-26
905,Gabriel Biswas,Female,Chennai,2024-12-29
906,Abdul Deol,Female,Pune,2025-10-30
907,Gagan Raghavan,Female,Delhi,2024-11-21
908,Odika Sabharwal,Male,Chennai,2025-09-26
909,Lipika Krishnan,Female,Pune,2024-05-16
910,Zashil Magar,Female,Mumbai,2025-01-30
911,Lakshmi Arora,Female,Chennai,2024-07-09
912,Jairaj Tripathi,Female,Hyderabad,2025-06-08
913,Ekaraj Shah,Female,Mumbai,2026-02-21
914,Zinal Dar,Female,Bangalore,2024-05-09
915,Reyansh Mishra,Male,Chennai,2024-08-21
916,Gautami Deol,Female,Delhi,2024-10-21
917,Manbir Sarna,Female,Hyderabad,2025-03-02
918,Atharv Shere,Female,Mumbai,2024-05-22
919,Abhiram Garg,Female,Bangalore,2025-04-02
920,Nachiket Murty,Male,Mumbai,2024-12-06
921,Suhani Pandey,Female,Delhi,2025-02-17
922,Atharv Venkataraman,Female,Bangalore,2025-10-19
923,Veda Loke,Male,Delhi,2025-04-13
924,Osha Nayak,Female,Pune,2025-10-18
925,Bhavani Pau,Female,Chennai,2025-03-29
926,Yadavi Tak,Male,Mumbai,2024-11-25
927,Samaksh Narula,Female,Pune,2024-11-13
928,Banjeet Sankar,Female,Hyderabad,2024-09-03
929,Samarth Nori,Female,Mumbai,2024-07-14
930,Manthan Bora,Male,Pune,2025-12-28
931,Varenya Kakar,Female,Pune,2025-09-20
932,Madhav Sastry,Female,Mumbai,2024-10-28
933,Ranveer Om,Female,Chennai,2025-07-19
934,Ekaja Kar,Male,Bangalore,2026-01-15
935,Manbir Hayer,Female,Delhi,2025-11-10
936,Widisha Modi,Female,Hyderabad,2026-03-20
937,Jatin Bera,Female,Delhi,2025-05-23
938,Irya Brar,Male,Hyderabad,2025-05-25
939,Harinakshi Ravel,Female,Chennai,2025-01-03
940,Wriddhish Bora,Female,Delhi,2025-04-17
941,Jeremiah Ganguly,Male,Pune,2025-01-30
942,Arya Seth,Female,Delhi,2026-04-15
943,Kabir Radhakrishnan,Male,Hyderabad,2025-02-12
944,Devika Purohit,Female,Mumbai,2025-03-04
945,Oni Prashad,Female,Delhi,2025-01-19
946,Hemal Kurian,Female,Hyderabad,2026-01-07
947,Anya Baria,Female,Hyderabad,2026-03-29
948,Aashi Wason,Female,Bangalore,2024-05-30
949,Ayushman Sengupta,Male,Bangalore,2024-07-17
950,Ucchal Chanda,Female,Chennai,2024-11-07
951,Timothy Pandit,Male,Hyderabad,2024-10-21
952,Laban Nigam,Female,Bangalore,2024-08-06
953,Samarth Sodhi,Female,Pune,2024-06-21
954,Anthony Lalla,Female,Hyderabad,2025-05-09
955,Pooja Thakur,Male,Chennai,2025-09-05
956,Hemang Pathak,Female,Pune,2025-07-28
957,Meera Chaudhari,Male,Mumbai,2025-12-09
958,Abhiram Nagi,Female,Mumbai,2024-07-21
959,Omisha Rattan,Female,Chennai,2026-01-30
960,Zashil Dara,Female,Bangalore,2024-10-10
961,Kala Sridhar,Female,Hyderabad,2024-08-06
962,Oscar Badal,Female,Pune,2025-03-19
963,Vrinda Chopra,Female,Hyderabad,2025-09-22
964,Pranav Mukherjee,Female,Hyderabad,2025-12-07
965,Umang Wadhwa,Female,Chennai,2024-08-12
966,Ojas Rajagopal,Female,Pune,2025-02-16
967,Netra Ramakrishnan,Male,Mumbai,2025-10-23
968,Zayan Nori,Female,Hyderabad,2025-08-26
969,Manan Dasgupta,Female,Pune,2026-03-21
970,Jagrati Bhattacharyya,Female,Pune,2024-10-24
971,Chandresh Sane,Female,Pune,2024-10-29
972,Diya Bumb,Male,Delhi,2026-04-12
973,Jai Mani,Female,Pune,2024-08-14
974,Vihaan Chakraborty,Female,Delhi,2025-04-23
975,Yoshita Dayal,Female,Chennai,2026-03-29
976,Imaran Cheema,Female,Delhi,2025-08-11
977,Rachit Manda,Female,Bangalore,2026-03-12
978,Orinder Yogi,Female,Bangalore,2024-05-27
979,Yadavi Baral,Female,Pune,2024-10-10
980,Leena Dave,Female,Mumbai,2024-06-22
981,Kai Dalal,Male,Bangalore,2025-07-15
982,Agastya Bhalla,Male,Hyderabad,2026-02-18
983,Nicholas Gandhi,Female,Mumbai,2025-05-19
984,Falan Chhabra,Female,Chennai,2025-08-17
985,Zayyan Jayaraman,Female,Bangalore,2024-07-20
986,Ekansh Nagy,Female,Chennai,2024-09-04
987,Zaitra Sangha,Female,Delhi,2024-11-26
988,Raagini Shankar,Male,Delhi,2025-05-18
989,Rishi Kant,Female,Bangalore,2026-03-08
990,Nandini Rege,Male,Hyderabad,2026-01-23
991,Wakeeta Patla,Female,Bangalore,2024-06-20
992,Wyatt Mall,Male,Delhi,2025-04-30
993,Radha Shroff,Male,Delhi,2024-07-30
994,Daniel Varkey,Female,Mumbai,2026-03-22
995,Zansi Dalal,Female,Chennai,2025-02-21
996,Abdul Misra,Male,Hyderabad,2025-12-06
997,Vedant Sandal,Female,Bangalore,2025-05-08
998,Jagat Vyas,Female,Mumbai,2026-02-20
999,Jeet Ramesh,Female,Mumbai,2025-10-28
1000,Caleb Khare,Female,Pune,2024-09-14
1001,Lajita Bawa,Female,Mumbai,2025-05-15
1002,Vedika Karpe,Female,Chennai,2025-07-14
1003,Zashil Deep,Female,Mumbai,2025-03-21
1004,Pahal Singh,Female,Delhi,2024-06-05
1005,Indrajit Kade,Female,Delhi,2025-07-28
1006,Yadavi Dugal,Female,Hyderabad,2026-03-13
1007,Aahana Ben,Female,Hyderabad,2025-09-16
1008,Nihal Chawla,Female,Delhi,2024-10-23
1009,Gopal Bora,Female,Hyderabad,2025-06-03
1010,Nandini Bajaj,Female,Hyderabad,2025-12-12
1011,Aachal Raghavan,Female,Chennai,2024-04-28
1012,Arjun Bora,Female,Chennai,2025-05-12
1013,Pranav Varkey,Female,Mumbai,2025-12-29
1014,Zarna Kapadia,Female,Mumbai,2025-06-14
1015,Amruta Goswami,Male,Bangalore,2024-08-05
1016,Tejas Badal,Female,Delhi,2025-01-04
1017,Aryan Pillay,Female,Chennai,2024-08-28
1018,Ijaya Thakkar,Female,Pune,2025-09-14
1019,Vasudha Shroff,Female,Delhi,2026-03-10
1020,Oscar Rama,Female,Bangalore,2025-09-13
1021,Guneet Sha,Female,Hyderabad,2024-09-11
1022,Falan Walia,Female,Hyderabad,2024-10-15
1023,Arya Sethi,Female,Delhi,2025-07-06
1024,Imaran Datta,Male,Pune,2025-07-21
1025,Siddharth Dube,Male,Hyderabad,2026-01-28
1026,Kavya Krishnan,Female,Hyderabad,2025-12-04
1027,Amruta Reddy,Female,Pune,2026-03-11
1028,Reva Dyal,Female,Delhi,2025-02-22
1029,Nidhi Krish,Male,Mumbai,2024-12-23
1030,Arunima Merchant,Female,Chennai,2025-03-07
1031,Eta Sachar,Male,Hyderabad,2024-06-24
1032,Michael Jain,Female,Pune,2024-12-04
1033,Yasti Edwin,Male,Pune,2024-05-06
1034,Balhaar Natt,Female,Delhi,2026-01-22
1035,Harsh Bhalla,Female,Pune,2025-12-15
1036,Anusha Issac,Male,Hyderabad,2026-02-13
1037,Vanya Chatterjee,Female,Pune,2024-09-16
1038,Vyanjana Sagar,Female,Delhi,2025-12-14
1039,Harsh Ramakrishnan,Female,Pune,2026-03-12
1040,Gautami Das,Female,Delhi,2024-07-11
1041,Chavvi Menon,Female,Pune,2025-12-22
1042,Aditya Agrawal,Female,Hyderabad,2024-07-29
1043,Jeremiah Mitter,Male,Chennai,2025-12-08
1044,Hema Talwar,Female,Delhi,2025-01-04
1045,Oeshi Narayan,Female,Bangalore,2025-04-29
1046,Udarsh Batta,Female,Bangalore,2026-01-11
1047,Widisha Mahajan,Female,Hyderabad,2025-09-01
1048,Farhan Mann,Male,Pune,2026-02-15
1049,Chameli Sagar,Female,Pune,2025-11-28
1050,Mohini Varkey,Female,Bangalore,2025-01-12
1051,Harrison Jani,Female,Pune,2025-05-14
1052,Anay Sridhar,Female,Delhi,2026-03-11
1053,Charvi Ganguly,Female,Bangalore,2025-09-25
1054,Baghyawati Peri,Female,Hyderabad,2024-12-05
1055,Ekaraj Ahuja,Female,Mumbai,2024-04-26
1056,Yahvi Bava,Female,Pune,2024-07-18
1057,Lipika Bassi,Female,Pune,2025-03-12
1058,Jeet Kaul,Female,Delhi,2025-09-16
1059,Varsha Raman,Female,Bangalore,2025-05-06
1060,Baghyawati Lata,Female,Mumbai,2025-11-15
1061,Aarini Parmer,Female,Mumbai,2025-03-20
1062,Avi Nagy,Male,Pune,2026-01-29
1063,Manthan Edwin,Female,Pune,2026-02-17
1064,Vritti Goda,Female,Delhi,2024-07-29
1065,Yashica Rajagopal,Female,Pune,2025-07-26
1066,Champak Atwal,Female,Chennai,2026-01-21
1067,Harsh Ghose,Female,Hyderabad,2025-01-03
1068,Dipta Narayan,Female,Delhi,2024-06-25
1069,Mugdha Oak,Male,Bangalore,2025-08-15
1070,Alka Suri,Female,Mumbai,2025-06-20
1071,Ladli Narasimhan,Male,Chennai,2024-09-15
1072,Odika Varma,Female,Delhi,2025-06-06
1073,Ekantika Sarin,Female,Pune,2025-02-25
1074,Kavya Mohan,Female,Bangalore,2025-04-22
1075,Anusha Kalita,Male,Mumbai,2025-11-24
1076,Daksh Ranganathan,Male,Pune,2026-02-22
1077,Vedant Upadhyay,Female,Chennai,2025-05-25
1078,Nidra Uppal,Female,Hyderabad,2025-12-22
1079,Lopa Sharma,Female,Chennai,2026-03-26
1080,Vrinda Kaul,Female,Hyderabad,2025-12-08
1081,Sarthak Konda,Female,Bangalore,2024-09-30
1082,Ayush Khanna,Female,Delhi,2026-02-03
1083,Manthan Chawla,Female,Delhi,2024-10-31
1084,Arunima Kamdar,Female,Bangalore,2025-01-07
1085,Varenya Barad,Female,Hyderabad,2024-12-16
1086,Advika Amble,Male,Bangalore,2025-06-02
1087,Ikshita Seth,Female,Delhi,2025-07-29
1088,Nilima Setty,Female,Bangalore,2025-12-20
1089,Daksh Mohan,Male,Mumbai,2026-02-02
1090,Rayaan Minhas,Female,Pune,2025-02-11
1091,Girish Dhar,Female,Chennai,2024-09-22
1092,George Gola,Female,Bangalore,2025-12-06
1093,Ranveer Patil,Female,Pune,2026-02-13
1094,Warinder Majumdar,Male,Chennai,2025-01-04
1095,Leela Banik,Male,Bangalore,2025-01-16
1096,Vivaan Rajagopal,Female,Bangalore,2026-03-21
1097,Ekaja Kapadia,Male,Chennai,2025-09-03
1098,Yatin Patla,Male,Delhi,2024-10-01
1099,Chandran Brahmbhatt,Male,Bangalore,2025-12-24
1100,Lavanya Nagi,Male,Mumbai,2024-11-14
1101,Wazir Thakur,Male,Chennai,2024-06-28
1102,Chandani Toor,Female,Hyderabad,2025-08-23
1103,George Ramanathan,Female,Mumbai,2024-04-28
1104,Yuvraj Acharya,Female,Pune,2025-08-03
1105,Ekiya Mallick,Female,Delhi,2024-06-13
1106,Ridhi Bhandari,Male,Bangalore,2026-04-16
1107,Upkaar Gopal,Male,Delhi,2024-05-13
1108,Anay Gala,Female,Chennai,2024-05-17
1109,Advaith Sankaran,Female,Pune,2025-02-24
1110,Niharika Saxena,Female,Mumbai,2024-05-31
1111,Warjas Grover,Female,Chennai,2024-04-26
1112,Triya Guha,Female,Mumbai,2026-02-26
1113,Samesh Patel,Female,Bangalore,2025-03-07
1114,Harini Panchal,Female,Pune,2026-03-27
1115,Wahab Batra,Male,Delhi,2024-12-23
1116,Arjun Pillay,Female,Chennai,2025-10-21
1117,Bhavya Vala,Female,Chennai,2025-05-12
1118,Qadim Swamy,Female,Bangalore,2024-04-23
1119,Jagat Bora,Female,Bangalore,2026-03-12
1120,Arin Balasubramanian,Female,Delhi,2024-08-27
1121,Warinder Subramanian,Female,Mumbai,2025-12-11
1122,Praneel Deo,Male,Mumbai,2024-05-27
1123,Oliver Wable,Female,Hyderabad,2026-02-27
1124,Jatin Issac,Female,Pune,2024-07-31
1125,Falan Lalla,Female,Bangalore,2025-04-18
1126,Nimrat Dhar,Female,Chennai,2025-03-15
1127,Neha Chand,Female,Bangalore,2026-01-05
1128,Zayyan Bora,Female,Hyderabad,2025-01-03
1129,Mahika Lata,Male,Pune,2026-01-18
1130,Girish Gole,Male,Pune,2026-03-08
1131,Abhiram Salvi,Female,Mumbai,2026-01-23
1132,Wazir Desai,Female,Bangalore,2024-08-14
1133,Mekhala Suresh,Female,Bangalore,2024-09-14
1134,Tejas Kashyap,Female,Delhi,2026-03-12
1135,Rachana Tak,Female,Hyderabad,2025-11-03
1136,Jagvi Tiwari,Female,Pune,2025-05-11
1137,Nidra Murty,Female,Delhi,2025-01-28
1138,Ira Bains,Male,Pune,2025-04-03
1139,Chanakya Chana,Male,Bangalore,2025-05-08
1140,Udarsh Patla,Female,Hyderabad,2025-10-28
1141,Manan Atwal,Male,Chennai,2025-12-26
1142,Tanvi Lalla,Female,Hyderabad,2026-03-13
1143,Chavvi Kala,Female,Chennai,2024-11-24
1144,Meera Anand,Male,Chennai,2025-03-05
1145,Chaman Arora,Female,Hyderabad,2025-08-05
1146,Kavya Ram,Male,Bangalore,2024-05-15
1147,Yashasvi Mammen,Female,Bangalore,2024-10-10
1148,Dhruv Bora,Female,Hyderabad,2024-06-03
1149,Ishwar Banerjee,Female,Pune,2024-07-14
1150,Darika Dube,Female,Hyderabad,2024-05-19
1151,Advika Narang,Female,Hyderabad,2024-11-26
1152,Maya Nazareth,Female,Chennai,2025-03-23
1153,Girish Naidu,Female,Hyderabad,2024-07-20
1154,Yutika Chander,Female,Hyderabad,2024-08-19
1155,Balvan Ramaswamy,Female,Delhi,2024-04-20
1156,Chasmum Mall,Female,Mumbai,2025-12-09
1157,Anthony Upadhyay,Female,Delhi,2025-09-21
1158,Ayushman Doshi,Female,Chennai,2024-05-29
1159,Neel Babu,Female,Hyderabad,2024-06-28
1160,Omaja Soni,Female,Delhi,2025-09-09
1161,Gaurika Balan,Female,Chennai,2026-01-12
1162,Saksham Ramesh,Female,Chennai,2025-03-12
1163,Irya Upadhyay,Male,Chennai,2026-04-14
1164,Widisha Chokshi,Male,Delhi,2026-03-30
1165,Yagnesh Hari,Female,Delhi,2025-05-26
1166,Ekani Shenoy,Female,Bangalore,2025-04-24
1167,Yahvi Nath,Male,Pune,2024-10-01
1168,Shivansh Deshmukh,Female,Delhi,2024-04-27
1169,Varsha Gandhi,Female,Delhi,2025-10-22
1170,Eshana Atwal,Female,Delhi,2024-09-21
1171,Rachita Sama,Female,Pune,2025-02-28
1172,Bahadurjit Dani,Male,Hyderabad,2025-07-01
1173,Bhavya Kapadia,Female,Mumbai,2024-12-24
1174,Vrishti Badal,Female,Hyderabad,2024-06-24
1175,Idika Bala,Female,Bangalore,2026-01-20
1176,Rachit Sur,Female,Bangalore,2025-07-05
1177,Kai Sahni,Male,Chennai,2024-08-28
1178,Zaid Bose,Male,Delhi,2025-08-16
1179,Jack Upadhyay,Female,Hyderabad,2026-04-11
1180,Amol Rastogi,Female,Delhi,2025-04-29
1181,Tejas Golla,Male,Bangalore,2025-03-08
1182,Tarak Zachariah,Female,Bangalore,2025-12-28
1183,Damini Khosla,Female,Pune,2025-11-21
1184,Agastya Nadkarni,Male,Chennai,2025-09-13
1185,Teerth Wali,Male,Delhi,2024-05-05
1186,Vihaan Dhar,Female,Chennai,2025-11-15
1187,Sneha Devi,Female,Chennai,2024-11-06
1188,Nathaniel Ahluwalia,Female,Chennai,2025-12-01
1189,Vrishti Batta,Female,Pune,2025-04-19
1190,Suhani Ahluwalia,Female,Chennai,2026-03-10
1191,Geetika Pingle,Female,Chennai,2024-07-14
1192,Anamika Krishna,Female,Bangalore,2025-08-22
1193,Jagat Rama,Female,Chennai,2024-04-18
1194,Harrison Gandhi,Female,Mumbai,2025-11-13
1195,Shravya Setty,Female,Pune,2024-08-12
1196,Upma Dhingra,Female,Hyderabad,2024-12-11
1197,Noah Wable,Female,Pune,2024-08-05
1198,Qarin Sahni,Male,Bangalore,2025-10-19
1199,Yashawini Narang,Female,Bangalore,2024-12-22
1200,Brijesh Parikh,Male,Hyderabad,2025-08-05
1201,Qushi Balay,Female,Mumbai,2025-10-10
1202,Ayaan De,Female,Hyderabad,2026-02-24
1203,Daksh Pandya,Male,Pune,2025-02-22
1204,Chatresh Bora,Male,Pune,2024-04-21
1205,Kashvi Madan,Female,Hyderabad,2024-11-28
1206,Vinaya Rama,Female,Mumbai,2025-07-01
1207,Turvi Chacko,Male,Pune,2025-09-15
1208,Wridesh Ganesan,Female,Hyderabad,2025-06-02
1209,Ishaan Loke,Female,Delhi,2025-09-28
1210,Kai Raval,Female,Mumbai,2024-09-11
1211,Ishanvi Nanda,Female,Hyderabad,2025-07-14
1212,Nachiket Jani,Female,Bangalore,2026-01-29
1213,Alexander Chakrabarti,Female,Pune,2025-06-26
1214,Ishaan Sodhi,Female,Delhi,2025-03-16
1215,Samesh Shenoy,Male,Hyderabad,2025-05-20
1216,Gautam Pandit,Female,Delhi,2024-08-11
1217,Chanchal Aurora,Female,Bangalore,2024-09-21
1218,Dayamai Tripathi,Female,Mumbai,2025-07-14
1219,Manya Khare,Female,Pune,2025-03-12
1220,Yashvi Lala,Female,Delhi,2025-12-30
1221,Nisha Natarajan,Male,Chennai,2026-04-09
1222,Jeremiah Biswas,Female,Bangalore,2025-11-06
1223,Janani Ram,Female,Delhi,2025-03-30
1224,Umang Das,Female,Hyderabad,2025-01-17
1225,Adweta Agarwal,Female,Chennai,2025-04-30
1226,Joshua Oommen,Female,Hyderabad,2024-08-16
1227,Unnati Walia,Female,Hyderabad,2024-12-08
1228,Logan Wason,Female,Bangalore,2024-11-18
1229,Ekta Samra,Male,Mumbai,2025-08-08
1230,Rajata Ratta,Female,Chennai,2024-11-13
1231,Gopal Kamdar,Female,Bangalore,2025-03-01
1232,Girindra Vyas,Male,Chennai,2026-01-11
1233,Vinaya Natarajan,Female,Delhi,2025-03-12
1234,Darsh Krish,Male,Pune,2024-07-19
1235,Kashvi Chad,Female,Bangalore,2026-02-03
1236,Manbir Ram,Female,Bangalore,2025-10-20
1237,Tanay Mitter,Female,Mumbai,2026-04-01
1238,Ijaya Gara,Female,Hyderabad,2024-10-30
1239,Naveen Mane,Female,Mumbai,2024-07-10
1240,Tristan Sharma,Female,Hyderabad,2024-09-19
1241,Jacob Choudhury,Male,Delhi,2026-02-25
1242,Rehaan Korpal,Female,Pune,2026-01-25
1243,Lohit Kakar,Female,Mumbai,2025-09-05
1244,Ranveer Sood,Male,Mumbai,2025-05-21
1245,Oliver Gandhi,Female,Chennai,2025-05-07
1246,Vrinda Gandhi,Female,Bangalore,2024-08-27
1247,Varenya Balakrishnan,Female,Chennai,2025-02-05
1248,Lipika Bedi,Female,Hyderabad,2024-12-06
1249,Wishi Dewan,Female,Delhi,2025-02-28
1250,Advika Varkey,Female,Bangalore,2024-08-05
1251,Advik Sharaf,Female,Delhi,2026-01-05
1252,Rohan Savant,Female,Bangalore,2026-02-28
1253,Jagat Sibal,Female,Pune,2024-08-31
1254,Amaira Ramanathan,Male,Mumbai,2024-08-06
1255,Vedhika Issac,Female,Delhi,2025-02-20
1256,Anita Narang,Male,Pune,2025-02-27
1257,Chanakya Deol,Female,Delhi,2024-09-23
1258,Ria Bhat,Female,Mumbai,2025-10-31
1259,Zarna Narasimhan,Female,Pune,2026-01-14
1260,Jeevika Balan,Female,Bangalore,2025-03-19
1261,Tara Nanda,Male,Hyderabad,2024-08-23
1262,Hemani Wali,Male,Chennai,2025-04-22
1263,Balendra Tak,Female,Chennai,2026-03-02
1264,Gautami Vasa,Male,Pune,2025-03-22
1265,Manbir Sankar,Female,Chennai,2025-06-28
1266,Tripti Sarraf,Female,Pune,2025-11-09
1267,Christopher Halder,Female,Pune,2025-10-07
1268,Madhavi Bala,Female,Bangalore,2026-02-26
1269,Nimrat Ravel,Female,Mumbai,2024-12-10
1270,Nitesh Tank,Female,Pune,2026-02-06
1271,Utkarsh Jain,Female,Hyderabad,2025-12-07
1272,Amol Chauhan,Male,Pune,2024-07-09
1273,Krishna Joshi,Female,Chennai,2024-10-15
1274,Waida Dara,Female,Delhi,2024-08-01
1275,Tanveer Varma,Female,Hyderabad,2024-09-02
1276,Gopal Nagarajan,Female,Hyderabad,2025-08-10
1277,Matthew Gera,Male,Chennai,2025-06-02
1278,Zayan Sheth,Female,Pune,2026-04-14
1279,Caleb Majumdar,Female,Bangalore,2024-04-30
1280,Ekapad Soman,Female,Chennai,2025-06-08
1281,Theodore Srinivasan,Female,Bangalore,2026-03-02
1282,Amol Borah,Female,Hyderabad,2024-12-07
1283,Bhanumati Konda,Female,Mumbai,2025-09-26
1284,Yachana Rajagopalan,Female,Delhi,2026-01-29
1285,Zaitra Loyal,Female,Delhi,2025-11-24
1286,Ekantika Subramanian,Female,Bangalore,2025-04-05
1287,Hamsini Bhat,Male,Bangalore,2025-05-22
1288,Elijah Vyas,Female,Chennai,2025-12-10
1289,Gaurangi Sankaran,Female,Pune,2024-08-07
1290,Shivansh Ganesan,Male,Chennai,2025-01-12
1291,Maanas Bhagat,Female,Delhi,2026-02-07
1292,Sathvik Subramaniam,Female,Chennai,2025-09-07
1293,Oeshi Soman,Female,Pune,2025-09-07
1294,Triveni Mukhopadhyay,Female,Delhi,2024-08-29
1295,Manan Bhandari,Male,Pune,2025-09-10
1296,Krishna Shan,Male,Hyderabad,2026-03-31
1297,Kai Contractor,Male,Chennai,2024-11-03
1298,Lakshmi Rastogi,Male,Chennai,2025-01-03
1299,Madhavi Chada,Female,Pune,2025-03-05
1300,Darika Pillay,Male,Delhi,2025-11-05
1301,Rachana Deo,Female,Chennai,2025-02-16
1302,Qushi Suri,Female,Mumbai,2025-02-01
1303,Krish Roy,Male,Hyderabad,2024-06-14
1304,Riya Sampath,Female,Bangalore,2025-03-26
1305,Jacob Bath,Male,Mumbai,2024-07-03
1306,Vedant Chauhan,Female,Bangalore,2025-09-28
1307,Qabil Parmar,Female,Pune,2025-05-26
1308,Luke Rao,Male,Chennai,2024-08-30
1309,Vidhi Jain,Female,Hyderabad,2024-06-25
1310,Owen Kara,Female,Delhi,2025-08-03
1311,Nachiket Raman,Female,Hyderabad,2024-12-30
1312,Siya Nagarajan,Female,Pune,2024-11-14
1313,Chavvi Atwal,Female,Pune,2026-03-16
1314,Imaran Dey,Female,Hyderabad,2025-04-02
1315,Vidhi Shah,Female,Mumbai,2025-01-18
1316,Manan Mitra,Female,Delhi,2025-06-14
1317,Inaya Bhatt,Female,Chennai,2025-08-23
1318,Dayita Korpal,Female,Hyderabad,2025-01-17
1319,Zaitra Mital,Male,Delhi,2024-06-03
1320,Chasmum Mishra,Male,Mumbai,2025-05-14
1321,Elijah Batta,Female,Mumbai,2025-01-28
1322,Xalak Gala,Male,Delhi,2024-07-21
1323,Chaaya Garde,Female,Mumbai,2024-09-27
1324,Dev Warrior,Female,Delhi,2026-02-18
1325,Udyati Bhatia,Female,Pune,2024-08-11
1326,Tanay Ratta,Female,Delhi,2026-02-11
1327,Jhalak Dutta,Female,Hyderabad,2024-05-23
1328,Nathan Rege,Female,Bangalore,2024-07-06
1329,Faraj Shetty,Female,Chennai,2024-11-12
1330,Bakhshi Tata,Female,Delhi,2025-09-14
1331,Maanav Nagarajan,Female,Pune,2024-08-02
1332,Samarth Sinha,Female,Delhi,2024-12-03
1333,Ayushman Karpe,Female,Chennai,2025-09-16
1334,Bachittar Shanker,Female,Mumbai,2025-09-16
1335,Guneet Chauhan,Female,Mumbai,2025-05-28
1336,Turvi Bhalla,Female,Chennai,2026-03-05
1337,Omaja Buch,Female,Delhi,2024-10-16
1338,Zayan Hari,Female,Hyderabad,2025-09-09
1339,Ekaraj Shanker,Female,Chennai,2024-10-05
1340,Chandran Suri,Female,Hyderabad,2024-05-07
1341,Balendra Om,Female,Hyderabad,2024-08-03
1342,Chaaya Nori,Male,Delhi,2025-07-28
1343,Vamakshi Swaminathan,Female,Delhi,2024-12-17
1344,Bhavani Koshy,Female,Chennai,2025-02-27
1345,Advik Peri,Female,Hyderabad,2025-04-08
1346,Ryan Goel,Male,Bangalore,2025-08-23
1347,Nandini Dayal,Female,Bangalore,2024-10-28
1348,Harish Pradhan,Female,Bangalore,2026-02-14
1349,Oni Pillay,Female,Mumbai,2025-10-10
1350,Zarna Bedi,Female,Bangalore,2025-06-23
1351,Bakhshi Taneja,Female,Delhi,2026-02-14
1352,Mahika Manda,Female,Mumbai,2024-09-07
1353,Jagdish Bhatia,Female,Chennai,2025-04-23
1354,Christopher Karan,Female,Bangalore,2024-09-06
1355,Neelima Patla,Female,Delhi,2024-07-11
1356,Ekani Mangat,Female,Bangalore,2024-08-14
1357,Michael Wason,Female,Bangalore,2025-01-13
1358,Udyati Dhar,Female,Delhi,2025-02-07
1359,Radha Balasubramanian,Female,Hyderabad,2025-09-26
1360,Kamala Srinivas,Female,Mumbai,2024-08-22
1361,Varsha Tripathi,Female,Delhi,2025-10-01
1362,Isaiah Dube,Male,Pune,2024-08-08
1363,Lajita Bava,Male,Bangalore,2025-07-21
1364,Bakhshi Swamy,Female,Hyderabad,2024-09-28
1365,Damini Viswanathan,Male,Bangalore,2025-07-25
1366,Patrick Sachdev,Female,Bangalore,2025-10-17
1367,Lajita Bansal,Male,Mumbai,2026-01-10
1368,David Pai,Female,Pune,2025-10-01
1369,Bhavya Karpe,Female,Hyderabad,2025-01-04
1370,Nidra Dugal,Male,Mumbai,2025-07-18
1371,Varsha Balasubramanian,Female,Delhi,2025-06-07
1372,Shivani Kala,Female,Hyderabad,2025-05-10
1373,Ishani Varkey,Female,Hyderabad,2024-07-25
1374,Aarav Varma,Female,Hyderabad,2025-11-26
1375,Zarna Rao,Female,Pune,2025-04-12
1376,Hemani Kumar,Female,Pune,2025-07-16
1377,Yamini Din,Female,Mumbai,2024-10-10
1378,Hitesh Raju,Male,Chennai,2024-10-22
1379,Gavin Thakur,Male,Delhi,2025-04-16
1380,Lopa Sankaran,Female,Bangalore,2025-07-25
1381,Viraj Gokhale,Female,Bangalore,2026-02-06
1382,Kritika Memon,Female,Bangalore,2025-01-20
1383,Tamanna Kunda,Female,Delhi,2025-07-03
1384,Manthan Kannan,Female,Hyderabad,2026-01-02
1385,Varsha Hayre,Female,Delhi,2024-07-04
1386,Rishi Dasgupta,Female,Pune,2024-08-26
1387,Lakshmi Suri,Female,Chennai,2024-11-12
1388,Eesha Chada,Male,Mumbai,2025-01-23
1389,Jatin Wagle,Female,Hyderabad,2025-05-04
1390,Hemani Hari,Female,Chennai,2024-07-16
1391,Maya Suri,Female,Bangalore,2024-05-10
1392,Aishani Dasgupta,Female,Mumbai,2024-06-03
1393,Maya Varughese,Female,Hyderabad,2026-02-22
1394,Chameli Goda,Female,Pune,2024-08-18
1395,Upasna Iyengar,Female,Delhi,2025-05-19
1396,Indrajit Patel,Male,Mumbai,2024-06-28
1397,Vyanjana Rau,Male,Delhi,2025-03-13
1398,Vyanjana Mohanty,Female,Chennai,2024-05-01
1399,Devansh Gala,Female,Hyderabad,2024-12-29
1400,Rajata Shukla,Female,Hyderabad,2026-03-24
1401,Saumya Narang,Female,Hyderabad,2026-03-25
1402,Avi Hari,Female,Mumbai,2025-09-10
1403,Alexander Divan,Female,Pune,2024-06-08
1404,Chakradev Samra,Female,Hyderabad,2025-12-13
1405,Urmi Vasa,Female,Chennai,2025-07-31
1406,Amrita Vyas,Female,Mumbai,2024-10-30
1407,Vritti Sahota,Female,Chennai,2026-03-19
1408,Aachal Dixit,Female,Pune,2025-03-19
1409,Vyanjana Tiwari,Female,Mumbai,2025-01-23
1410,Frado Ganguly,Female,Bangalore,2024-09-27
1411,Jeet Kar,Female,Mumbai,2024-09-05
1412,Qasim Chaudhuri,Female,Delhi,2025-01-22
1413,Vedhika Chadha,Female,Delhi,2025-03-24
1414,Zarna Keer,Female,Mumbai,2024-07-09
1415,Unni Mitter,Female,Pune,2025-01-04
1416,David Pant,Female,Mumbai,2025-07-04
1417,Parth Prasad,Female,Pune,2026-03-03
1418,Sanya Khosla,Male,Pune,2025-07-28
1419,Odika Banerjee,Female,Bangalore,2025-10-23
1420,Priya Radhakrishnan,Female,Mumbai,2024-10-29
1421,Jai Bhatti,Female,Delhi,2024-12-29
1422,Shaurya Raval,Female,Delhi,2025-03-12
1423,Ijaya Ramaswamy,Female,Bangalore,2025-11-09
1424,Vaishnavi Chopra,Female,Delhi,2026-02-04
1425,Praneel Minhas,Female,Pune,2025-07-31
1426,Janani Dash,Female,Bangalore,2025-04-03
1427,Wahab Srivastava,Female,Delhi,2025-05-30
1428,Deepa Walia,Female,Pune,2025-03-17
1429,Yadavi Singh,Female,Mumbai,2024-10-26
1430,Patrick Dewan,Male,Chennai,2025-12-15
1431,Tamanna Puri,Female,Hyderabad,2026-03-19
1432,Agastya Wable,Female,Mumbai,2024-11-24
1433,Teerth Halder,Female,Chennai,2024-09-24
1434,Tamanna Thaman,Female,Delhi,2025-11-13
1435,Mitesh Patil,Female,Pune,2026-01-06
1436,Dhruv Sur,Female,Delhi,2025-10-11
1437,Parth Ramesh,Female,Hyderabad,2024-05-10
1438,Baljiwan Sarna,Female,Mumbai,2025-01-26
1439,Yashasvi Rau,Male,Hyderabad,2024-09-06
1440,Vansha Sunder,Female,Pune,2024-08-09
1441,Mahika Dass,Female,Mumbai,2025-08-31
1442,Aadhya Butala,Male,Hyderabad,2026-02-12
1443,Gavin Dar,Female,Bangalore,2024-10-25
1444,Diya Kale,Female,Bangalore,2025-09-21
1445,Urvashi Venkatesh,Female,Bangalore,2024-05-17
1446,Harsh Kata,Female,Bangalore,2024-07-08
1447,Wakeeta Chopra,Female,Delhi,2024-12-07
1448,Amara Bala,Female,Hyderabad,2024-05-16
1449,Anika Babu,Female,Bangalore,2024-07-24
1450,Ati Sabharwal,Female,Hyderabad,2024-07-23
1451,Jalsa Jha,Female,Pune,2025-02-25
1452,Jeet Dara,Male,Bangalore,2025-12-17
1453,Janani Rau,Female,Delhi,2024-08-15
1454,Raagini Karan,Female,Bangalore,2025-10-06
1455,Xalak Chacko,Female,Delhi,2025-11-27
1456,Zilmil Kumar,Female,Mumbai,2025-11-28
1457,Chameli Wagle,Male,Delhi,2025-03-25
1458,Forum Tiwari,Female,Delhi,2025-01-22
1459,Tejas Wagle,Male,Hyderabad,2024-10-21
1460,Niharika Kurian,Female,Delhi,2024-08-05
1461,Nimrat Venkatesh,Female,Delhi,2026-01-01
1462,Riya Wason,Female,Delhi,2025-02-05
1463,Patrick Kapur,Female,Chennai,2024-04-25
1464,Bahadurjit Doshi,Female,Bangalore,2025-06-15
1465,Yauvani Prasad,Female,Mumbai,2024-08-30
1466,Yashica Karnik,Female,Mumbai,2025-04-02
1467,Yash Babu,Female,Delhi,2025-03-20
1468,Mugdha Char,Female,Delhi,2025-08-19
1469,Victor Kar,Female,Chennai,2024-04-30
1470,Amrita Kade,Female,Mumbai,2024-11-24
1471,Anjali Dayal,Male,Mumbai,2026-03-22
1472,Liam Wagle,Female,Chennai,2024-07-26
1473,Yash Keer,Male,Delhi,2024-08-21
1474,Dominic Kapadia,Female,Delhi,2024-07-26
1475,Benjamin Mahal,Female,Pune,2026-02-27
1476,Faras Gandhi,Male,Mumbai,2024-06-25
1477,Zinal Arya,Male,Chennai,2025-05-10
1478,Rajeshri Dyal,Female,Mumbai,2025-11-13
1479,Ishita Kakar,Male,Chennai,2026-03-08
1480,Chaaya Saha,Female,Chennai,2024-04-29
1481,Tanish Chander,Male,Bangalore,2024-09-27
1482,Vrinda Singh,Female,Pune,2024-12-24
1483,Madhavi Raghavan,Female,Mumbai,2024-05-27
1484,Pushti Kalla,Male,Hyderabad,2026-02-03
1485,Neha Prabhakar,Female,Bangalore,2025-06-06
1486,Mahika Srinivasan,Female,Bangalore,2025-01-19
1487,Umang Chana,Male,Chennai,2026-02-23
1488,Naveen Chaudry,Female,Hyderabad,2024-12-11
1489,Simon Sarkar,Female,Hyderabad,2025-03-25
1490,Kashish Nagi,Female,Pune,2025-12-03
1491,Yatan Dugal,Female,Hyderabad,2026-02-09
1492,Neha Ahuja,Female,Hyderabad,2025-03-30
1493,Megha Verma,Male,Pune,2025-04-20
1494,Rehaan Bakshi,Male,Bangalore,2025-01-05
1495,Netra Jhaveri,Male,Delhi,2024-11-06
1496,Leela Goel,Male,Mumbai,2025-03-26
1497,Joshua Badal,Male,Bangalore,2024-05-30
1498,Jason Sarkar,Female,Bangalore,2025-05-05
1499,Yamini Palla,Female,Pune,2024-07-11
1500,Hiral Jani,Female,Bangalore,2024-10-22
1501,Gauri Wason,Male,Pune,2025-05-05
1502,Onveer Krishnamurthy,Female,Bangalore,2024-05-25
1503,Harini Baral,Female,Mumbai,2024-04-21
1504,Leena Bhavsar,Female,Delhi,2024-07-03
1505,Liam Ramakrishnan,Female,Pune,2024-11-09
1506,Logan Bhatti,Male,Chennai,2025-08-10
1507,Quincy Dada,Female,Pune,2025-07-12
1508,Mohini Bhatia,Female,Mumbai,2024-05-22
1509,Tanay Pradhan,Female,Delhi,2024-05-08
1510,Ekavir Mistry,Female,Chennai,2025-12-16
1511,Anthony Narula,Male,Pune,2025-12-30
1512,Abeer Krishnan,Female,Delhi,2024-08-05
1513,Sathvik Tak,Female,Pune,2025-12-21
1514,Suhani Sibal,Female,Chennai,2024-10-20
1515,Wahab Chokshi,Male,Delhi,2024-07-11
1516,Chaitanya Bal,Female,Delhi,2024-07-08
1517,Ladli Parmar,Male,Delhi,2025-04-06
1518,Oscar Mann,Female,Mumbai,2025-10-01
1519,Pallavi Parmar,Female,Hyderabad,2026-04-01
1520,Charan Muni,Female,Delhi,2025-09-09
1521,Adweta Shanker,Male,Pune,2024-05-26
1522,Pranit Chadha,Male,Chennai,2025-07-19
1523,Vrinda Krishna,Female,Delhi,2026-02-01
1524,Nitara Singh,Female,Bangalore,2024-11-04
1525,Varenya Chada,Female,Chennai,2024-11-27
1526,Thomas Kadakia,Male,Delhi,2025-06-17
1527,Mohammed Mitter,Female,Pune,2025-05-01
1528,Daksh Gokhale,Male,Pune,2026-02-05
1529,Qabil Thaman,Female,Mumbai,2025-12-09
1530,Darpan Mitter,Female,Mumbai,2024-10-22
1531,Ishani Bakshi,Female,Mumbai,2025-04-11
1532,Zaitra Chawla,Female,Pune,2024-06-09
1533,Ladli Sahota,Female,Delhi,2024-07-18
1534,Yug Ranganathan,Female,Pune,2024-10-20
1535,Brinda Kibe,Female,Bangalore,2025-03-09
1536,Bimala Muni,Female,Chennai,2024-07-18
1537,Neha Chacko,Female,Chennai,2026-01-02
1538,Shivansh Sundaram,Female,Chennai,2024-08-30
1539,Neha Bahri,Female,Bangalore,2026-01-21
1540,Omaja Sinha,Female,Delhi,2026-03-07
1541,Amaira Kakar,Female,Pune,2025-11-14
1542,Zilmil Pathak,Female,Chennai,2024-07-04
1543,Orinder Johal,Male,Delhi,2025-03-29
1544,Bakhshi Gandhi,Female,Delhi,2024-08-17
1545,Abha Setty,Female,Delhi,2025-07-19
1546,Hemal Rege,Female,Chennai,2024-05-25
1547,Jyoti Devan,Female,Mumbai,2024-06-16
1548,Urvashi Mutti,Male,Bangalore,2024-04-19
1549,Vansha Shenoy,Female,Bangalore,2024-06-07
1550,Anvi Chander,Female,Pune,2026-01-30
1551,William Chopra,Female,Hyderabad,2024-05-22
1552,Yashodhara Vala,Female,Hyderabad,2024-08-10
1553,Hemal Memon,Female,Delhi,2025-03-24
1554,Gopal Swaminathan,Female,Bangalore,2025-01-18
1555,Mekhala Ramachandran,Female,Bangalore,2024-05-21
1556,Ishanvi Bhatti,Male,Hyderabad,2025-05-31
1557,Prisha Borra,Female,Bangalore,2024-07-24
1558,Netra Bhasin,Female,Chennai,2025-07-21
1559,Bimala Nazareth,Female,Chennai,2025-09-02
1560,Amruta Sankaran,Female,Delhi,2025-08-14
1561,Ranveer Loyal,Female,Delhi,2025-01-12
1562,Chameli Rajagopal,Female,Bangalore,2024-12-03
1563,Agastya Swaminathan,Female,Pune,2025-11-20
1564,Indali Ranganathan,Female,Hyderabad,2025-11-11
1565,Ridhi Hora,Female,Pune,2024-08-06
1566,Vrishti Dalal,Female,Pune,2026-02-18
1567,Manya Pant,Female,Pune,2024-08-03
1568,William Parmar,Male,Bangalore,2024-06-25
1569,Anthony Ahluwalia,Female,Hyderabad,2025-11-28
1570,Radha Ganguly,Female,Delhi,2025-03-06
1571,Watika Nagy,Female,Chennai,2024-12-27
1572,Ira Naidu,Male,Bangalore,2025-02-05
1573,Shivansh Sridhar,Female,Chennai,2025-09-16
1574,Manya Kapadia,Female,Pune,2026-02-25
1575,Osha Khatri,Female,Hyderabad,2025-01-25
1576,Wriddhish Vyas,Male,Chennai,2025-12-26
1577,Sarthak Pall,Male,Mumbai,2024-05-28
1578,Chaitanya Mammen,Female,Hyderabad,2025-05-02
1579,Wahab Pandey,Female,Hyderabad,2024-05-01
1580,Xiti Magar,Female,Delhi,2025-05-12
1581,Fariq Sha,Male,Chennai,2025-04-08
1582,Sathvik Vyas,Female,Chennai,2025-08-01
1583,Farhan Kumar,Female,Bangalore,2024-11-22
1584,Aahana Grover,Female,Chennai,2024-12-11
1585,Ati Bhargava,Male,Delhi,2025-07-16
1586,Sachi Sane,Female,Pune,2025-05-06
1587,Liam Dutta,Female,Delhi,2026-03-30
1588,Viraj Srinivas,Female,Delhi,2024-11-28
1589,Shivani Ganguly,Female,Hyderabad,2025-02-06
1590,Amruta Manda,Female,Bangalore,2024-11-15
1591,Samarth Ahluwalia,Female,Mumbai,2025-08-23
1592,Ria Sehgal,Female,Bangalore,2025-08-13
1593,Zaitra Konda,Male,Bangalore,2025-11-29
1594,Hiral Jha,Female,Delhi,2026-03-19
1595,Vincent Tandon,Female,Pune,2025-07-10
1596,Rudra Majumdar,Female,Chennai,2024-11-18
1597,Abhimanyu Yohannan,Female,Delhi,2026-04-07
1598,Henry Verma,Female,Bangalore,2025-04-14
1599,Vasudha Chakraborty,Female,Chennai,2024-05-06
1600,Raghav Bhalla,Male,Chennai,2026-02-15
1601,Keya Sandhu,Female,Hyderabad,2026-03-23
1602,Laban Khalsa,Female,Pune,2024-05-26
1603,Gaurangi Malhotra,Female,Pune,2024-10-28
1604,Aahana Kalla,Female,Chennai,2025-02-17
1605,Aachal Chana,Female,Pune,2025-07-12
1606,Gautam Nayar,Female,Delhi,2025-09-09
1607,Udant Munshi,Male,Hyderabad,2025-10-12
1608,Neelima Sampath,Female,Pune,2025-02-08
1609,Wahab Modi,Female,Mumbai,2026-03-31
1610,Raagini Madan,Female,Mumbai,2025-03-01
1611,Nachiket Koshy,Female,Chennai,2025-07-14
1612,Quincy Mistry,Male,Chennai,2025-01-15
1613,Daksha Srivastava,Female,Delhi,2025-08-11
1614,Gaurika Walia,Female,Chennai,2025-10-18
1615,Yashawini Savant,Female,Hyderabad,2024-06-12
1616,Pranit Jaggi,Female,Delhi,2025-02-19
1617,Gayathri Panchal,Female,Mumbai,2024-08-15
1618,Sanya Dada,Female,Hyderabad,2025-10-20
1619,Damini Dutt,Female,Bangalore,2024-05-01
1620,Wridesh Khanna,Female,Chennai,2025-03-02
1621,Vasana Doctor,Male,Pune,2025-06-02
1622,Yug Joshi,Female,Bangalore,2024-06-17
1623,David Gupta,Female,Chennai,2024-10-05
1624,Gaurika Kar,Female,Chennai,2025-10-21
1625,Finn Babu,Female,Delhi,2024-12-16
1626,Abha Jha,Female,Bangalore,2025-11-11
1627,Yachana Gour,Female,Chennai,2024-12-23
1628,Jhalak Brahmbhatt,Female,Pune,2025-05-22
1629,Zehaan Bedi,Female,Delhi,2026-03-21
1630,Vedika Parmer,Female,Bangalore,2025-08-23
1631,Kamala Krishnamurthy,Female,Pune,2025-07-14
1632,Dakshesh Upadhyay,Female,Chennai,2025-09-11
1633,Krisha Ravel,Female,Chennai,2025-08-01
1634,Anay Goda,Female,Chennai,2024-11-28
1635,Shravya Pandey,Female,Hyderabad,2025-08-06
1636,Henry Badal,Male,Delhi,2026-03-01
1637,Vedhika Chaudry,Female,Delhi,2025-07-01
1638,Lakshit Dugar,Male,Mumbai,2024-11-30
1639,Niharika Mani,Female,Hyderabad,2024-12-07
1640,Nathaniel Dey,Female,Mumbai,2024-04-28
1641,Neha Kashyap,Female,Hyderabad,2025-04-26
1642,Dominic Sundaram,Male,Pune,2026-01-05
1643,Jeremiah Cherian,Female,Delhi,2025-06-13
1644,Jai Sem,Female,Delhi,2024-04-18
1645,Shaurya Dhar,Male,Bangalore,2026-02-13
1646,Kiaan Bajaj,Female,Hyderabad,2025-06-18
1647,Anvi Vaidya,Male,Bangalore,2025-03-28
1648,Sathvik Pillai,Female,Delhi,2024-12-30
1649,Prisha Anand,Female,Hyderabad,2025-05-30
1650,Jeremiah Som,Female,Pune,2025-06-16
1651,Charan Varughese,Male,Mumbai,2024-11-18
1652,Bhavika Bajwa,Female,Pune,2026-01-25
1653,Gautam Mistry,Female,Pune,2024-11-18
1654,Jagrati Sem,Female,Chennai,2026-01-09
1655,Guneet Kalita,Female,Bangalore,2024-04-20
1656,Ekbal Sharma,Female,Chennai,2026-01-05
1657,Ekansh Mangal,Male,Bangalore,2025-08-30
1658,Ekansh Hayre,Female,Chennai,2026-04-05
1659,Vasudha Prashad,Female,Bangalore,2026-02-02
1660,Keya Jaggi,Male,Hyderabad,2025-01-06
1661,Zaitra Subramanian,Female,Mumbai,2025-04-28
1662,Hiral Raja,Female,Pune,2024-11-18
1663,Turvi Puri,Female,Chennai,2026-03-28
1664,Omkaar Gandhi,Female,Pune,2025-10-02
1665,Ladli Salvi,Male,Chennai,2025-08-14
1666,Jyoti Koshy,Female,Chennai,2025-07-18
1667,Advika Bahri,Female,Bangalore,2025-08-24
1668,Viraj Bhatti,Female,Mumbai,2025-10-21
1669,Chaitanya Brahmbhatt,Male,Delhi,2026-03-10
1670,Reva Balay,Female,Pune,2024-10-24
1671,Idika Zachariah,Female,Delhi,2026-03-31
1672,Champak Sehgal,Female,Chennai,2024-07-31
1673,Yug Upadhyay,Male,Bangalore,2025-09-12
1674,Anika Chauhan,Male,Hyderabad,2024-12-29
1675,Adweta Wali,Female,Chennai,2026-02-13
1676,Varenya Ramaswamy,Female,Delhi,2024-07-29
1677,Yachana Sarma,Female,Chennai,2024-07-15
1678,Gauri Ratti,Female,Bangalore,2025-10-18
1679,Chakradhar Chad,Female,Delhi,2026-02-27
1680,Brinda Babu,Female,Chennai,2025-05-19
1681,Theodore Pingle,Female,Pune,2025-02-16
1682,Faqid Swaminathan,Female,Pune,2026-01-03
1683,Matthew Deo,Female,Chennai,2025-06-23
1684,Manya Ramakrishnan,Female,Mumbai,2025-10-15
1685,Vamakshi Hayer,Female,Pune,2024-10-13
1686,Zayyan Krishna,Female,Mumbai,2025-03-16
1687,Odika Dhar,Female,Chennai,2025-05-19
1688,Noah Chokshi,Female,Mumbai,2024-11-07
1689,Hemangini Kunda,Male,Bangalore,2024-07-22
1690,Janaki Raghavan,Female,Delhi,2025-02-14
1691,Nicholas Varughese,Male,Hyderabad,2026-01-03
1692,Tejas Kota,Female,Bangalore,2025-10-23
1693,Widisha Tara,Female,Chennai,2024-04-21
1694,Radha Wason,Male,Bangalore,2024-08-09
1695,Ishita Shah,Female,Chennai,2025-10-14
1696,Harinakshi Parekh,Male,Bangalore,2025-05-28
1697,Ishita Kalla,Female,Delhi,2024-07-14
1698,Nathan Chopra,Female,Pune,2025-12-16
1699,Lajita Ravel,Male,Chennai,2024-10-31
1700,Aishani Biswas,Female,Mumbai,2025-08-06
1701,Chatresh Krishnan,Male,Chennai,2025-02-09
1702,Caleb Parekh,Female,Chennai,2025-07-29
1703,Girik Kalita,Female,Pune,2024-06-20
1704,Finn Kapoor,Female,Bangalore,2025-09-10
1705,Tejas Virk,Female,Mumbai,2025-05-06
1706,Anthony Nair,Female,Delhi,2024-06-30
1707,Pooja Cherian,Female,Hyderabad,2024-06-29
1708,Samar Wason,Female,Pune,2026-03-25
1709,Rehaan Saha,Female,Chennai,2024-11-29
1710,Mahika Kala,Female,Delhi,2024-08-04
1711,Zaitra Sharma,Female,Bangalore,2025-11-24
1712,Forum Chaudry,Male,Mumbai,2026-02-15
1713,Tanvi Jayaraman,Female,Bangalore,2026-01-18
1714,Laksh Nadkarni,Female,Hyderabad,2025-09-01
1715,Sarthak Khare,Female,Pune,2026-04-02
1716,Saumya Hari,Female,Delhi,2026-02-12
1717,Arya Prakash,Male,Delhi,2024-09-19
1718,Om Deshpande,Female,Mumbai,2025-09-01
1719,Gabriel Palla,Female,Delhi,2025-01-30
1720,Krishna Murthy,Female,Hyderabad,2024-12-15
1721,Garima Gill,Female,Hyderabad,2026-02-12
1722,Ishita Chopra,Male,Delhi,2025-04-16
1723,Upkaar Chander,Male,Mumbai,2025-08-27
1724,Theodore Raman,Female,Delhi,2025-03-20
1725,Raagini Bandi,Female,Hyderabad,2025-07-25
1726,Abdul Nagar,Female,Delhi,2025-02-21
1727,Jackson Lalla,Female,Chennai,2024-11-28
1728,Adweta Merchant,Female,Bangalore,2026-02-05
1729,Urvi Sarma,Female,Mumbai,2026-04-09
1730,Jackson Deep,Female,Delhi,2025-07-15
1731,Harsh Barad,Female,Hyderabad,2026-01-27
1732,David Nath,Male,Bangalore,2025-04-10
1733,Forum Sinha,Female,Pune,2025-11-01
1734,Vedhika Bora,Female,Hyderabad,2025-04-09
1735,Gautami Majumdar,Male,Pune,2026-02-13
1736,Naksh Randhawa,Female,Bangalore,2025-02-28
1737,Tristan Dutta,Female,Delhi,2026-02-25
1738,Mitali Oommen,Female,Bangalore,2025-06-30
1739,Warjas Bhatti,Female,Hyderabad,2025-06-30
1740,Ranveer Amble,Female,Pune,2025-11-10
1741,Sachi Sura,Female,Hyderabad,2024-11-10
1742,Aryan Batta,Female,Pune,2025-01-05
1743,Onveer Bajaj,Female,Hyderabad,2025-09-29
1744,Janaki Upadhyay,Female,Hyderabad,2025-02-06
1745,Sudiksha Apte,Male,Delhi,2025-04-03
1746,Ranbir Yadav,Female,Bangalore,2025-07-10
1747,Fariq Anand,Female,Chennai,2026-03-25
1748,Samar Acharya,Female,Hyderabad,2025-01-23
1749,Harita Som,Female,Hyderabad,2025-02-06
1750,Upasna Bhat,Female,Mumbai,2024-08-13
1751,Thomas Iyengar,Male,Bangalore,2024-12-05
1752,Mahika Shah,Male,Mumbai,2026-03-24
1753,Onveer Yohannan,Female,Mumbai,2025-11-01
1754,Aashi Tandon,Female,Bangalore,2025-04-24
1755,Urvi Ravi,Female,Bangalore,2025-07-23
1756,Inaya Thakur,Male,Hyderabad,2025-08-28
1757,Abhiram Chander,Male,Chennai,2024-11-14
1758,Shravya Yohannan,Female,Pune,2024-11-03
1759,Krish Golla,Female,Chennai,2025-03-27
1760,Anya Hans,Female,Mumbai,2024-11-14
1761,Varsha Lala,Female,Bangalore,2025-03-09
1762,Jackson Salvi,Female,Delhi,2025-09-29
1763,Wyatt Yohannan,Male,Delhi,2025-11-02
1764,Krish Varughese,Female,Bangalore,2024-11-01
1765,Kiaan Sarkar,Female,Hyderabad,2025-01-30
1766,Reyansh Saran,Female,Hyderabad,2025-03-23
1767,Bakhshi Chokshi,Male,Bangalore,2026-02-06
1768,Ubika Johal,Female,Bangalore,2025-12-15
1769,Upma Choudhary,Female,Pune,2025-07-17
1770,Keya Handa,Female,Bangalore,2025-08-15
1771,Pooja Kumar,Female,Chennai,2025-04-04
1772,Sachi Ghose,Male,Hyderabad,2024-12-18
1773,Yashoda Choudhry,Female,Hyderabad,2025-11-15
1774,Hemal Srivastava,Female,Hyderabad,2025-07-07
1775,Rishi Mital,Female,Hyderabad,2024-07-19
1776,Prisha Dalal,Female,Hyderabad,2026-03-31
1777,Luke Bakshi,Female,Delhi,2024-05-28
1778,Qasim Kohli,Female,Pune,2024-05-15
1779,Rehaan Samra,Female,Mumbai,2026-01-09
1780,Zehaan Prakash,Male,Bangalore,2025-11-25
1781,Gunbir Reddy,Female,Chennai,2024-12-10
1782,Balvan Gole,Male,Pune,2025-12-26
1783,Tanveer Sawhney,Female,Mumbai,2025-06-19
1784,Amol Kannan,Female,Mumbai,2024-12-28
1785,Ojasvi Ramakrishnan,Female,Pune,2024-06-09
1786,Vinaya Grewal,Female,Mumbai,2024-06-27
1787,Faris Gala,Male,Pune,2025-01-31
1788,Atharv Nagy,Female,Delhi,2025-02-11
1789,Daniel Bali,Female,Delhi,2025-11-19
1790,Priya Rout,Male,Delhi,2024-09-29
1791,Nikita Yadav,Female,Delhi,2026-02-11
1792,Amol Saha,Female,Delhi,2024-11-04
1793,Luke Dutt,Female,Delhi,2024-11-07
1794,Samar Saxena,Male,Hyderabad,2024-12-04
1795,Warda Bhatt,Female,Pune,2025-10-18
1796,Warjas Aggarwal,Female,Delhi,2026-01-07
1797,Mitali Rastogi,Female,Chennai,2024-05-19
1798,Chameli Bhakta,Female,Mumbai,2025-04-28
1799,Vanya Ahluwalia,Female,Chennai,2025-12-12
1800,Warjas Tella,Female,Bangalore,2024-11-26
1801,Kala Wali,Male,Bangalore,2024-05-24
1802,Ishani Master,Female,Hyderabad,2024-06-10
1803,Lohit Deep,Male,Chennai,2024-09-30
1804,Jairaj Ghose,Female,Hyderabad,2024-09-18
1805,Pushti Krishna,Male,Pune,2024-06-16
1806,Nitesh Rastogi,Female,Pune,2025-03-22
1807,Triveni Kapur,Female,Delhi,2024-07-07
1808,Manya Samra,Female,Chennai,2026-01-28
1809,Jagdish Chowdhury,Female,Bangalore,2026-02-18
1810,Nitara Garg,Female,Hyderabad,2026-04-16
1811,Jatin Yohannan,Female,Pune,2024-06-15
1812,Ridhi Sarkar,Female,Pune,2024-12-11
1813,Watika Nayak,Female,Bangalore,2025-05-28
1814,Ekanta Kibe,Female,Delhi,2025-01-02
1815,Leela Kumer,Female,Delhi,2024-11-22
1816,Raksha Agarwal,Female,Mumbai,2025-02-02
1817,Ishaan Vaidya,Female,Chennai,2025-10-27
1818,Nimrat Randhawa,Female,Pune,2026-02-23
1819,Praneel Kar,Female,Delhi,2024-07-09
1820,Advika Sule,Female,Chennai,2024-12-06
1821,Qadim Subramaniam,Female,Pune,2024-06-22
1822,Max Ghose,Female,Chennai,2025-02-26
1823,Nandini Ahluwalia,Female,Chennai,2025-12-24
1824,Neha Anand,Female,Delhi,2026-02-10
1825,Hemangini Mangat,Female,Pune,2024-05-25
1826,Anita Natarajan,Female,Pune,2025-10-22
1827,William Anand,Female,Bangalore,2026-01-10
1828,Fitan Buch,Female,Delhi,2025-08-14
1829,Udyati Parmer,Female,Delhi,2025-04-23
1830,Anika Bali,Female,Delhi,2025-02-11
1831,Amruta Bora,Female,Bangalore,2024-09-24
1832,Sachi Dutta,Male,Hyderabad,2026-02-21
1833,Vrishti Lalla,Female,Pune,2024-08-04
1834,Darika Dada,Female,Chennai,2025-04-29
1835,Pallavi Chaudhuri,Female,Hyderabad,2024-05-07
1836,Indira Karpe,Female,Hyderabad,2025-04-19
1837,Gopal Khalsa,Female,Chennai,2024-04-27
1838,Tanveer Johal,Male,Hyderabad,2024-08-11
1839,Joshua Hayer,Female,Hyderabad,2025-04-01
1840,Umang Merchant,Female,Delhi,2025-03-11
1841,Edhitha Suresh,Female,Bangalore,2025-06-20
1842,Ijaya Palla,Female,Chennai,2026-02-24
1843,David Jaggi,Female,Pune,2026-03-12
1844,Gayathri Bath,Female,Hyderabad,2025-02-26
1845,Mahika Varty,Male,Hyderabad,2025-06-26
1846,Yuvraj Wadhwa,Female,Hyderabad,2024-07-24
1847,Mason Brar,Female,Delhi,2025-12-12
1848,Tanvi Dani,Female,Bangalore,2025-07-31
1849,Balendra Khosla,Male,Bangalore,2024-12-10
1850,William Ben,Female,Delhi,2025-07-16
1851,Daniel Bawa,Female,Pune,2025-01-05
1852,Harsh Oza,Female,Pune,2026-01-18
1853,Farhan Shukla,Female,Hyderabad,2025-03-08
1854,Jagrati Dave,Female,Pune,2025-01-12
1855,Janya Ganesh,Male,Chennai,2025-03-28
1856,Karan Vasa,Female,Hyderabad,2025-10-03
1857,Jatin Ray,Female,Mumbai,2025-05-27
1858,Dominic Sachar,Male,Hyderabad,2024-08-12
1859,Robert Dhawan,Female,Chennai,2026-01-30
1860,Christopher Savant,Male,Hyderabad,2025-11-17
1861,Ishanvi Ramakrishnan,Female,Delhi,2024-10-18
1862,Chasmum Sura,Female,Bangalore,2025-12-01
1863,Bhavika Barman,Female,Hyderabad,2025-07-28
1864,Maanas Gupta,Female,Chennai,2024-08-29
1865,Xalak Hegde,Male,Hyderabad,2024-04-28
1866,Ucchal Bansal,Male,Mumbai,2025-08-07
1867,Bakhshi Lata,Male,Mumbai,2025-03-05
1868,Matthew Khare,Male,Mumbai,2024-08-26
1869,Advay Balan,Female,Delhi,2026-02-23
1870,Vihaan Bhavsar,Female,Delhi,2025-01-04
1871,Xalak Sule,Female,Mumbai,2024-09-03
1872,Saanvi Rajan,Female,Hyderabad,2024-10-27
1873,Rishi Hans,Female,Pune,2024-09-23
1874,Kamala Buch,Female,Delhi,2025-06-12
1875,Falan Balay,Male,Mumbai,2025-10-23
1876,Omkaar Dash,Female,Chennai,2024-12-03
1877,Maya Gera,Female,Mumbai,2024-04-21
1878,Yug Lad,Male,Chennai,2025-09-05
1879,Wriddhish Sarraf,Female,Mumbai,2025-08-04
1880,Upasna Dyal,Female,Delhi,2024-12-12
1881,Alka Ramaswamy,Male,Pune,2024-09-17
1882,Laban Nagy,Female,Bangalore,2025-03-04
1883,Madhav Goel,Female,Pune,2025-06-01
1884,Ati Kanda,Female,Mumbai,2024-09-18
1885,Christopher Swaminathan,Female,Delhi,2024-06-01
1886,Harini Sabharwal,Female,Chennai,2024-07-01
1887,Jai Ahluwalia,Female,Bangalore,2025-09-30
1888,Arin Wadhwa,Male,Delhi,2024-09-17
1889,Hritik Mander,Female,Hyderabad,2025-08-06
1890,Daksh Thakur,Male,Chennai,2026-02-07
1891,Bhavika Bajwa,Female,Bangalore,2025-11-17
1892,Charan Mandal,Female,Pune,2025-10-18
1893,Michael Walla,Female,Bangalore,2025-11-10
1894,Wakeeta Nazareth,Male,Hyderabad,2025-11-05
1895,Rachit Soni,Male,Chennai,2025-01-11
1896,Nakul Barad,Female,Bangalore,2024-06-06
1897,Triveni Chauhan,Male,Bangalore,2025-01-24
1898,Janaki Vaidya,Female,Chennai,2025-06-19
1899,Pushti Gandhi,Male,Pune,2026-03-11
1900,Vaishnavi Verma,Female,Mumbai,2025-05-30
1901,Reyansh Chanda,Male,Hyderabad,2025-01-23
1902,Dipta Jhaveri,Female,Chennai,2025-12-30
1903,Frado Palla,Female,Bangalore,2025-10-20
1904,Darsh Sem,Female,Hyderabad,2025-05-27
1905,Aayush Toor,Female,Delhi,2025-11-10
1906,Samuel Khatri,Female,Mumbai,2024-08-09
1907,Janya Chacko,Female,Mumbai,2025-09-19
1908,Bakhshi Pandey,Female,Pune,2025-06-13
1909,Jalsa Mitter,Female,Chennai,2024-12-30
1910,Anvi Zachariah,Female,Bangalore,2025-01-02
1911,Veda Grover,Male,Bangalore,2025-11-04
1912,Advik Kade,Male,Pune,2025-10-10
1913,Dhruv Bajaj,Female,Bangalore,2025-02-02
1914,Bachittar Om,Female,Delhi,2024-07-22
1915,Omkaar Tiwari,Female,Pune,2025-09-16
1916,Ati Kohli,Female,Bangalore,2025-10-30
1917,Janya Kale,Female,Hyderabad,2024-05-27
1918,Benjamin Suresh,Male,Bangalore,2024-09-06
1919,Zayan Apte,Female,Mumbai,2024-11-27
1920,Jai Barad,Female,Pune,2026-01-15
1921,Neelima Majumdar,Female,Delhi,2025-10-05
1922,Yahvi Gill,Male,Mumbai,2025-10-15
1923,Aarush Balan,Female,Bangalore,2024-12-14
1924,Ladli Chakraborty,Female,Pune,2025-02-27
1925,Upkaar Dutt,Female,Hyderabad,2026-01-13
1926,Avi Uppal,Female,Chennai,2026-01-12
1927,Vasatika Saraf,Female,Pune,2024-07-23
1928,Zilmil Ratti,Male,Mumbai,2025-07-19
1929,Sanaya Brar,Female,Hyderabad,2025-08-13
1930,Zayan Subramaniam,Female,Mumbai,2024-06-15
1931,Shaurya Sandal,Female,Delhi,2025-11-09
1932,Balvan Chaudhry,Female,Mumbai,2025-05-30
1933,Nandini Goyal,Female,Mumbai,2025-11-14
1934,Riya Sanghvi,Female,Pune,2025-01-10
1935,Patrick Goswami,Male,Pune,2025-06-28
1936,Kala Mangat,Female,Bangalore,2024-08-23
1937,Nandini Varty,Female,Bangalore,2026-04-17
1938,Advaith Gole,Male,Hyderabad,2026-03-05
1939,Bhavna Chanda,Female,Mumbai,2024-09-05
1940,Zaitra Hans,Female,Pune,2024-10-04
1941,Shravya Dass,Female,Delhi,2024-06-23
1942,Bishakha Garde,Male,Mumbai,2026-02-28
1943,Yashodhara Venkataraman,Male,Delhi,2025-05-12
1944,Utkarsh Modi,Female,Chennai,2025-11-24
1945,Triveni Bhardwaj,Female,Hyderabad,2025-10-23
1946,Bhavna Bansal,Male,Mumbai,2025-01-30
1947,Samesh Mall,Female,Bangalore,2024-07-22
1948,Ubika Gopal,Female,Pune,2025-09-14
1949,Jeremiah Wagle,Male,Pune,2025-11-29
1950,Falguni Pall,Female,Mumbai,2024-08-17
1951,Damini Shanker,Male,Pune,2025-03-12
1952,Matthew Sane,Male,Bangalore,2025-05-28
1953,Ganga Mohanty,Female,Delhi,2024-12-12
1954,Hemangini Vora,Female,Mumbai,2025-05-12
1955,Mekhala Loke,Female,Hyderabad,2024-08-29
1956,Leena Walia,Male,Bangalore,2025-10-11
1957,Alexander Chada,Male,Mumbai,2024-09-09
1958,Ekbal Bumb,Female,Bangalore,2026-03-22
1959,Nathaniel Dada,Female,Pune,2024-09-18
1960,Devansh Murthy,Male,Delhi,2025-11-05
1961,Charles Sachar,Male,Mumbai,2024-12-24
1962,Laban Butala,Female,Hyderabad,2026-01-24
1963,Urvashi Wason,Female,Chennai,2024-05-01
1964,Maanas Sarma,Female,Pune,2025-06-03
1965,Dayita Som,Female,Hyderabad,2024-12-02
1966,Rachana Gola,Female,Bangalore,2024-04-19
1967,Mitali Kale,Female,Pune,2026-04-12
1968,Ekansh Pillay,Female,Mumbai,2026-03-13
1969,Hardik Sunder,Female,Bangalore,2024-07-27
1970,Zilmil Ben,Female,Bangalore,2026-03-17
1971,Yuvraj Sastry,Female,Hyderabad,2024-09-12
1972,Urishilla Comar,Male,Delhi,2025-12-16
1973,Xavier Chaudhary,Female,Pune,2025-10-30
1974,Chasmum Saran,Female,Chennai,2025-06-03
1975,Ranbir Som,Female,Pune,2024-11-15
1976,Jairaj Varty,Male,Mumbai,2024-06-12
1977,Zehaan Mittal,Female,Chennai,2024-09-06
1978,Manan Shan,Female,Bangalore,2026-04-06
1979,Rajata Subramaniam,Male,Bangalore,2024-08-15
1980,Zaid Virk,Female,Bangalore,2025-10-25
1981,Jairaj Acharya,Female,Chennai,2025-07-05
1982,Yashawini Rao,Female,Delhi,2025-07-28
1983,Hiral Gour,Female,Delhi,2025-04-06
1984,Jeet Nair,Female,Delhi,2025-01-02
1985,Krishna Sarkar,Female,Chennai,2024-06-12
1986,Chatura Dave,Female,Pune,2024-06-21
1987,Gaurika Tripathi,Female,Chennai,2025-09-05
1988,Mitali Chaudhuri,Male,Hyderabad,2025-08-14
1989,Kalpit Kapur,Female,Pune,2024-08-17
1990,Ekaraj Lalla,Female,Pune,2025-06-20
1991,Vidhi Yadav,Female,Pune,2025-01-25
1992,Liam Ganesh,Male,Mumbai,2025-12-11
1993,Rajata Bali,Female,Delhi,2025-03-19
1994,Raghav Sabharwal,Female,Mumbai,2025-02-24
1995,Omya Sundaram,Female,Chennai,2025-05-07
1996,Abhiram Walia,Female,Mumbai,2024-04-25
1997,Shivansh Hayer,Female,Hyderabad,2025-06-03
1998,Banjeet Balay,Female,Mumbai,2026-02-06
1999,Vritti Lad,Female,Pune,2026-01-18
2000,Janaki Prashad,Male,Mumbai,2025-12-03
